Fight_ID,Fighter_ID,Opponent_ID,Result,Duration,Significant_Strikes_Landed,Significant_Strikes_Attempted,Takedowns_Landed,Takedowns_Attempted,Knockdowns,Control_Time
1,461,462,L,900,110,291,0,5,0,0
1,462,461,W,900,61,174,0,0,0,0
2,461,469,W,900,100,171,2,4,1,152
2,469,461,L,900,66,134,6,11,0,460
3,461,470,L,900,27,235,0,2,0,0
3,470,461,W,900,54,105,0,0,0,0
4,461,463,W,900,68,115,2,5,0,377
4,463,461,L,900,41,81,7,13,1,300
5,461,471,L,442,7,15,0,0,0,52
5,471,461,W,442,3,9,4,7,0,349
6,461,472,L,900,78,144,1,9,0,106
6,472,461,W,900,97,155,2,3,1,150
7,464,139,L,60,4,11,0,0,0,0
7,139,464,W,60,13,20,0,0,1,4
8,464,465,W,900,96,259,0,0,0,0
8,465,464,L,900,70,176,1,2,0,113
9,464,473,L,900,58,134,0,0,0,0
9,473,464,W,900,55,132,5,12,0,252
10,464,474,L,900,29,99,0,0,0,2
10,474,464,W,900,50,194,3,10,0,553
,,,,,,,,,,
,,,,,,,,,,
12,466,467,W,366,27,35,6,13,0,237
12,467,466,L,366,7,16,0,0,0,0
13,466,468,W,56,9,17,0,0,2,8
13,468,466,L,56,3,7,0,0,0,0
14,475,476,W,900,49,79,0,0,0,28
14,476,475,L,900,31,80,0,0,0,0
15,466,475,W,299,37,57,1,2,0,227
15,475,466,L,299,0,7,0,1,0,0
16,477,478,W,174,13,39,0,0,0,0
16,478,477,L,174,10,16,0,2,0,0
17,477,479,W,414,24,40,2,4,0,218
17,479,477,L,414,8,28,0,2,0,54
18,477,480,W,900,29,82,5,9,0,418
18,480,477,L,900,41,109,0,2,0,2
19,477,481,W,226,84,162,0,3,1,3
19,481,477,L,226,29,76,0,0,0,0
20,477,482,L,256,14,32,1,1,0,3
20,482,477,W,256,35,72,1,2,0,75
21,477,483,W,900,60,110,2,4,0,493
21,483,477,L,900,26,84,0,0,0,0
22,477,484,W,153,2,9,1,1,0,92
22,484,477,L,153,2,13,0,0,0,0
23,477,485,W,246,29,61,0,0,2,4
23,485,477,L,246,18,41,0,0,0,0
24,477,486,L,117,6,14,0,2,0,37
24,486,477,W,117,5,8,0,0,0,0
25,477,487,L,91,10,14,0,1,0,0
25,487,477,W,91,8,12,1,1,0,66
26,477,488,L,900,30,87,0,0,0,224
26,488,477,W,900,47,104,3,20,0,269
27,477,79,W,436,28,71,0,0,1,2
27,79,477,L,436,22,55,0,0,0,0
28,477,489,L,479,41,77,1,1,0,24
28,489,477,W,479,43,78,2,2,0,48
29,477,76,L,622,40,98,3,5,0,138
29,76,477,W,622,68,126,2,5,0,72
30,490,488,L,900,12,22,0,0,0,0
30,488,490,W,900,12,29,12,26,0,704
31,490,30,W,900,115,209,0,2,0,57
31,30,490,L,900,119,234,1,4,0,63
32,490,491,W,273,34,57,0,0,0,99
32,491,490,L,273,7,13,1,3,0,24
33,490,492,L,900,60,127,1,5,0,78
33,492,490,W,900,48,154,3,10,0,183
34,490,493,L,900,52,101,0,0,0,8
34,493,490,W,900,80,128,11,18,0,573
35,490,494,L,900,72,109,0,0,0,43
35,494,490,W,900,35,77,3,22,0,563
36,490,495,W,900,76,140,2,6,0,47
36,495,490,L,900,38,163,2,7,1,149
37,490,465,W,900,70,168,0,0,1,19
37,465,490,L,900,48,128,0,11,0,142
38,490,496,W,620,88,191,0,2,1,34
38,496,490,L,620,72,140,1,1,0,15
39,490,497,W,900,65,150,2,6,1,178
39,497,490,L,900,75,144,0,3,0,50
40,490,498,L,900,66,156,0,3,0,78
40,498,490,W,900,59,146,1,2,0,23
41,490,499,W,575,44,81,1,5,1,32
41,499,490,L,575,59,120,1,2,0,59
42,477,490,W,196,39,75,0,0,2,14
42,490,477,L,196,8,25,0,1,0,0
43,500,501,L,694,45,68,0,1,0,139
43,501,500,W,694,29,42,4,4,0,456
44,500,502,W,25,11,16,0,0,1,3
44,502,500,L,25,1,5,0,0,0,0
45,500,503,L,89,1,4,0,0,0,0
45,503,500,W,89,1,1,1,1,0,61
46,500,504,W,297,42,70,0,0,0,112
46,504,500,L,297,21,39,1,2,1,93
47,500,505,W,84,13,16,0,0,1,31
47,505,500,L,84,4,8,0,1,0,10
48,500,506,W,149,21,29,0,1,0,117
48,506,500,L,149,5,10,0,0,0,0
49,500,507,W,491,58,88,0,2,0,242
49,507,500,L,491,22,36,2,7,0,100
50,500,508,W,340,60,118,0,0,1,55
50,508,500,L,340,26,55,1,1,0,25
51,500,509,L,278,16,29,1,2,0,93
51,509,500,W,278,8,18,2,3,0,40
52,500,250,L,461,4,22,1,1,0,100
52,250,500,W,461,10,18,1,1,0,294
53,500,503,W,450,27,44,1,2,0,143
53,500,503,L,450,4,8,3,8,0,194
54,500,260,L,900,47,95,2,4,0,279
54,260,500,W,900,43,71,1,6,0,260
55,500,510,W,900,45,58,3,8,0,679
55,510,500,L,900,37,50,0,0,0,146
56,500,137,L,900,47,120,1,6,0,104
56,137,500,W,900,89,143,3,9,0,359
57,500,67,L,237,19,25,1,1,0,229
57,67,500,W,237,2,3,1,1,0,2
58,500,255,W,67,26,44,0,0,2,9
58,255,500,L,67,5,8,0,0,0,7
59,500,511,W,900,57,121,7,20,0,557
59,511,500,L,900,42,81,1,1,0,47
60,500,512,W,218,7,12,2,2,0,159
60,512,500,L,218,5,11,1,2,0,32
61,500,513,L,144,4,22,0,0,0,0
61,513,500,W,144,8,17,0,0,1,2
62,500,515,L,258,16,34,0,0,0,0
62,515,500,W,258,23,43,0,0,1,17
63,514,350,W,300,18,49,0,0,0,0
63,350,514,L,300,23,46,0,1,0,9
64,514,516,L,121,7,17,0,0,0,0
64,516,514,W,121,17,24,0,1,2,25
65,514,517,L,900,58,167,0,1,0,4
65,517,514,W,900,56,122,0,2,0,69
66,514,518,L,450,23,49,0,0,0,0
66,518,514,W,450,38,92,0,0,1,2
67,514,351,W,900,44,109,0,0,0,57
67,351,514,L,900,45,81,2,3,0,181
68,514,352,W,900,56,112,0,0,0,80
68,352,514,L,900,67,117,1,5,0,137
69,514,519,L,363,9,19,0,0,0,0
69,519,514,W,363,8,26,1,2,1,139
70,514,153,W,132,16,41,0,0,1,2
70,153,514,L,132,9,22,0,0,0,0
71,514,520,W,792,38,76,2,2,0,331
71,520,514,L,792,70,139,0,0,0,9
72,514,521,W,900,44,92,0,0,0,86
72,521,514,L,900,58,130,0,4,0,141
73,514,67,W,300,22,36,0,0,0,110
73,67,514,L,300,6,14,0,2,0,45
74,500,514,W,897,72,137,1,4,1,157
74,514,500,L,897,40,108,0,0,0,56
75,555,556,W,540,48,67,0,0,1,145
75,556,555,L,540,14,31,1,11,0,307
76,555,557,W,122,28,50,0,0,1,0
76,557,555,L,122,17,33,0,0,0,0
77,555,558,W,70,19,37,0,0,1,1
77,558,555,L,70,2,5,0,0,0,0
78,555,559,W,101,6,12,1,1,1,4
78,559,555,L,101,0,1,0,2,0,6
79,560,561,W,900,98,144,1,2,0,163
79,561,560,L,900,45,86,1,5,0,667
80,560,562,L,900,18,55,0,4,0,109
80,562,560,W,900,73,141,0,2,0,336
81,560,563,W,391,23,31,0,0,1,2
81,563,560,L,391,10,21,4,7,0,285
82,555,560,W,900,34,112,0,0,2,0
82,560,555,L,900,59,123,0,0,0,0
83,522,523,L,900,30,62,0,1,1,75
83,523,522,W,900,32,67,3,13,0,587
84,522,524,W,282,27,73,1,1,1,65
84,524,522,L,282,21,47,0,0,0,11
85,522,525,L,180,8,26,0,0,0,39
85,525,522,W,180,2,16,0,3,0,5
86,522,526,W,900,64,136,1,1,0,266
86,526,522,L,900,56,92,1,12,0,233
87,522,200,W,900,67,183,0,2,1,1
87,200,522,L,900,45,176,0,1,0,0
88,522,196,W,366,17,36,0,0,1,3
88,196,522,L,366,17,35,0,1,1,242
89,522,527,L,900,6,41,0,0,0,0
89,527,522,W,900,56,121,3,6,0,632
90,522,528,L,663,20,64,0,0,1,109
90,528,522,W,663,34,46,4,6,0,407
91,522,450,W,900,116,255,2,2,2,61
91,450,522,L,900,25,109,0,4,0,28
92,522,529,W,632,22,85,0,0,1,2
92,529,522,L,632,12,63,0,2,0,59
93,522,530,W,900,48,146,1,4,0,74
93,530,522,L,900,22,103,0,1,0,0
94,522,188,W,900,38,187,1,1,0,61
94,188,522,L,900,31,98,0,2,0,0
95,522,531,L,900,84,222,0,0,0,0
95,531,522,W,900,75,101,0,7,0,0
96,522,532,L,900,103,301,1,1,0,19
96,532,522,W,900,153,300,0,0,0,0
97,522,436,W,95,14,37,0,0,1,3
97,436,522,L,95,6,12,0,0,0,0
98,522,202,L,751,19,77,0,0,0,0
98,202,522,W,751,94,142,2,6,0,524
99,522,533,L,588,91,200,1,3,0,34
99,533,522,W,588,104,174,0,0,0,6
100,522,534,L,442,45,98,0,0,0,0
100,534,522,W,442,18,64,1,4,0,121
101,522,535,W,900,65,116,0,3,0,90
101,535,522,L,900,37,117,2,4,0,200
102,522,536,W,900,99,219,1,1,0,39
102,536,522,L,900,67,189,0,0,0,0
103,522,537,L,854,24,128,0,0,0,0
103,537,522,W,854,22,87,0,3,1,2
104,522,538,L,900,78,173,0,0,0,0
104,538,522,W,900,85,188,1,4,0,174
105,522,539,L,325,27,60,0,0,0,21
105,539,522,W,325,1,16,0,3,0,0
106,522,690,L,900,58,126,0,0,0,183
106,690,522,W,900,49,89,3,7,0,413
107,522,540,W,502,30,48,1,1,1,121
107,540,522,L,502,22,47,0,5,0,12
108,522,541,L,900,66,190,0,2,1,37
108,541,522,W,900,96,217,0,2,0,17
109,522,102,W,900,83,181,0,3,0,30
109,102,522,L,900,55,127,0,6,0,0
110,522,542,L,410,32,58,0,0,0,0
110,542,522,W,410,30,71,0,2,1,1
111,522,543,W,900,61,112,4,8,0,362
111,543,522,L,900,52,86,0,2,0,43
112,522,162,W,423,19,50,0,1,1,12
112,162,522,L,423,16,56,0,0,0,0
113,522,544,W,900,80,195,0,1,1,22
113,544,522,L,900,52,182,0,0,0,8
114,545,531,W,42,8,13,0,0,1,1
114,531,545,L,42,4,11,0,0,0,0
115,545,361,W,900,39,81,4,10,0,431
115,361,545,L,900,19,32,2,6,0,232
116,545,197,L,523,49,105,0,2,0,22
116,197,545,W,523,80,162,1,1,1,29
117,545,326,W,900,25,91,0,1,0,20
117,326,545,L,900,25,52,0,0,0,0
118,545,546,L,565,34,108,3,5,0,67
118,546,545,W,565,61,145,0,0,0,11
119,545,547,W,106,29,52,0,0,1,0
119,545,547,L,106,8,27,0,0,0,0
120,545,539,L,900,50,205,0,0,0,0
120,539,545,W,900,53,183,0,1,0,0
121,545,548,W,80,20,35,0,2,1,1
121,548,545,L,80,6,15,0,0,0,0
122,545,549,L,383,37,79,0,1,0,5
122,549,545,W,383,33,60,2,6,0,103
123,545,550,L,570,48,94,2,6,0,248
123,550,545,W,570,87,151,2,4,0,80
124,545,551,W,900,108,234,0,1,0,23
124,551,545,L,900,67,185,0,1,0,40
125,545,313,L,900,75,156,0,1,0,35
125,313,545,W,900,110,244,1,1,1,7
126,545,552,L,900,32,87,0,0,1,142
126,552,545,W,900,42,85,3,7,0,378
127,545,553,W,900,63,191,0,12,0,5
127,553,545,L,900,79,204,0,2,0,40
128,545,554,W,298,17,38,0,0,1,2
128,554,545,L,298,20,82,0,2,0,5
129,545,545,W,526,30,75,0,0,1,12
129,542,542,L,526,23,98,0,0,0,0
,,,,,,,,,,
,,,,,,,,,,
131,564,565,W,519,25,41,5,11,0,177
131,565,564,L,519,7,30,0,0,0,8
132,564,234,W,195,18,26,1,5,0,87
132,234,564,L,195,1,19,0,0,0,6
133,564,566,W,900,74,100,3,4,0,649
133,566,565,L,900,2,20,0,0,0,0
134,564,205,W,280,36,51,0,0,1,2
134,205,564,L,280,13,24,0,0,0,0
135,564,80,W,900,68,98,5,5,0,686
135,80,564,L,900,3,16,0,0,1,34
136,564,567,W,1500,98,187,5,13,0,311
136,567,564,L,1500,71,159,0,2,0,12
137,564,568,L,1500,104,237,2,15,0,97
137,568,564,W,1500,111,259,7,30,0,142
138,564,232,W,900,32,54,11,14,0,646
138,232,564,L,900,20,54,0,1,1,4
139,486,569,W,600,17,26,2,3,1,286
139,569,486,L,600,16,40,0,0,0,114
140,486,570,W,900,19,48,1,4,0,66
140,570,486,L,900,30,52,7,11,0,448
141,486,571,W,574,31,62,2,2,1,363
141,571,486,L,574,9,32,0,1,0,0
142,486,572,W,488,29,39,2,4,2,294
142,572,486,L,488,14,26,0,2,0,0
143,486,485,L,900,14,50,0,2,0,11
143,485,486,W,900,26,51,3,5,0,400
144,486,487,W,900,67,113,2,3,1,111
144,487,486,L,900,68,160,2,10,0,74
145,486,573,W,188,8,13,0,1,0,0
145,573,486,L,188,26,38,1,3,0,4
146,486,482,W,414,25,49,1,1,1,26
146,482,486,L,414,46,94,0,2,0,10
147,486,482,W,288,35,40,0,0,2,143
147,482,486,L,288,18,28,0,0,0,0
149,486,574,D,1500,137,238,2,4,0,55
149,574,486,D,1500,132,248,4,8,0,199
150,486,574,L,746,24,36,1,1,0,90
150,574,486,W,746,47,85,2,2,1,289
151,486,574,W,1500,86,169,2,11,3,140
151,574,586,L,1500,105,259,1,2,0,46
152,486,574,L,900,19,43,1,2,0,35
152,574,486,W,900,48,74,3,6,0,412
153,486,575,W,900,45,74,4,7,0,242
153,575,486,L,900,46,94,0,2,0,22
154,486,576,W,542,13,19,1,5,0,223
154,576,486,L,542,16,31,0,0,0,2
155,486,577,W,900,45,90,0,0,1,150
155,577,486,L,900,52,117,0,0,0,8
156,486,578,L,1500,53,119,2,8,0,180
156,578,486,W,1500,121,193,1,4,0,201
157,486,567,L,548,6,9,2,5,0,31
157,567,486,W,548,54,87,2,2,0,307
158,486,579,W,900,23,43,2,5,0,138
158,579,586,L,900,30,70,1,1,0,2
159,564,486,W,900,34,72,2,6,0,290
159,486,564,L,900,8,27,0,0,0,9
160,585,586,L,686,28,72,1,3,0,23
160,586,585,W,686,42,90,5,7,0,303
161,585,587,W,167,13,33,1,1,0,72
161,587,585,L,167,12,22,0,0,0,11
162,585,588,W,1345,57,100,8,10,0,1000
162,588,585,L,1345,10,50,0,2,0,26
163,585,589,W,900,46,156,2,4,0,79
163,589,585,L,900,61,121,0,1,0,45
164,585,590,L,900,70,145,2,6,0,145
164,590,585,W,900,84,242,0,0,0,139
165,585,591,W,467,47,72,1,1,1,275
165,591,585,L,467,22,33,1,1,0,50
166,585,133,W,183,15,34,0,0,1,27
166,133,585,L,183,5,42,0,0,0,0
167,585,133,W,1500,105,301,1,2,0,56
167,133,585,L,1500,145,356,0,0,0,0
168,585,125,L,478,55,125,0,2,1,29
168,125,585,W,478,47,105,2,4,0,38
169,585,125,W,900,82,235,0,1,0,0
169,125,585,L,900,71,205,1,3,0,29
170,585,592,W,78,5,10,0,0,1,3
170,592,585,L,78,7,11,0,0,0,0
171,585,592,W,1500,86,168,2,2,0,420
171,592,585,L,1500,83,173,5,11,0,217
172,585,586,L,1500,37,136,1,1,0,10
172,586,585,W,1500,30,133,2,11,0,22
173,585,593,L,900,60,150,0,6,0,25
173,593,585,W,900,58,225,0,1,0,24
174,585,594,W,1500,93,188,1,3,0,419
174,594,585,L,1500,83,270,4,8,0,98
175,585,595,W,1500,96,180,5,5,1,396
175,585,595,L,1500,58,198,2,5,0,58
176,585,264,L,1500,94,245,1,4,0,15
176,264,585,W,1500,110,281,2,8,0,534
177,585,596,W,900,25,86,2,4,0,393
177,596,585,L,900,25,74,0,2,0,108
178,580,581,W,900,96,185,2,3,0,67
178,581,580,L,900,31,101,0,6,0,207
179,580,279,W,687,45,72,0,3,1,133
179,279,580,L,687,18,47,1,7,0,296
180,580,582,W,178,20,45,0,0,1,16
180,582,580,L,178,7,18,0,1,0,0
181,580,49,W,900,70,174,0,0,0,0
181,49,580,L,900,43,125,0,0,0,0
182,580,583,W,900,38,128,0,1,0,0
182,583,580,L,900,26,67,1,9,0,361
183,580,125,W,900,117,208,0,1,0,49
183,125,580,L,900,50,140,0,1,0,131
184,580,584,W,900,65,164,0,0,0,15
184,584,580,L,900,45,139,0,2,0,40
185,580,585,W,900,51,133,1,2,0,84
185,585,580,L,900,26,94,1,5,0,129
186,68,69,W,701,23,75,1,4,0,132
186,69,68,L,701,35,66,2,4,0,206
187,68,70,W,900,31,101,4,4,1,252
187,70,68,L,900,25,61,0,8,0,122
188,68,71,W,900,32,74,3,6,0,335
188,71,68,L,900,17,46,4,12,0,335
189,68,72,W,761,29,90,0,0,0,9
189,72,68,L,761,20,56,6,12,0,467
190,68,73,W,900,37,111,0,0,1,59
190,73,68,L,900,30,104,0,3,0,0
191,68,74,W,900,102,190,1,2,0,54
191,74,68,L,900,23,113,0,2,0,0
192,68,75,W,900,63,191,0,1,0,81
192,75,68,L,900,49,172,0,9,0,77
193,68,597,W,900,21,61,2,5,1,309
193,597,68,L,900,47,113,0,1,0,153
194,68,598,W,153,49,84,0,0,0,2
194,598,68,L,153,14,49,0,0,0,0
195,68,599,W,308,28,67,0,0,0,0
195,599,68,L,308,14,58,0,0,0,0
196,68,600,L,1500,76,225,0,0,0,42
196,600,68,W,1500,147,262,0,0,0,3
197,68,601,L,900,59,140,0,0,0,3
197,601,68,W,900,51,118,5,17,0,211
198,68,454,W,900,61,122,0,1,0,0
198,454,68,L,900,38,111,0,0,0,0
199,602,603,W,900,87,178,1,3,0,9
199,603,602,L,900,71,159,0,1,0,11
200,602,315,W,252,25,36,1,1,1,8
200,315,602,L,252,11,36,0,3,0,4
201,602,604,W,382,34,55,0,0,2,9
201,604,602,L,382,23,46,3,7,0,77
202,602,546,W,688,53,109,0,0,0,0
202,546,602,L,688,59,147,0,4,0,30
203,602,165,W,255,18,27,0,0,1,6
203,165,602,L,255,7,25,0,0,0,0
204,602,605,W,532,27,63,0,0,1,19
204,605,602,L,532,36,64,1,14,0,103
205,602,606,L,588,43,91,0,0,0,3
205,606,602,W,588,74,135,3,4,1,160
206,602,68,W,900,74,136,4,6,0,32
206,68,602,L,900,56,116,0,0,0,54
207,617,618,W,263,22,27,1,1,0,108
207,618,617,L,263,5,6,1,3,0,111
208,617,619,W,210,6,16,1,2,0,93
208,619,617,L,210,6,8,0,0,0,0
209,617,620,L,41,1,1,0,0,0,0
209,620,617,W,41,7,11,0,0,0,7
210,617,621,W,498,53,82,0,2,0,248
210,621,617,L,498,7,13,1,3,0,100
211,617,410,L,348,6,23,0,0,0,56
211,410,617,W,348,23,37,3,4,1,209
212,617,622,W,675,41,63,0,3,0,89
212,622,617,L,675,8,13,5,13,0,431
213,617,623,W,137,14,30,1,1,0,119
213,623,617,L,137,1,3,0,1,0,0
214,617,624,W,288,17,25,0,0,1,4
214,624,617,L,288,5,7,1,6,0,219
215,617,625,W,900,37,73,0,0,0,3
215,625,617,L,900,4,19,7,10,0,579
216,617,87,W,1122,39,90,1,3,0,102
216,87,617,L,1122,15,37,4,11,0,450
217,617,626,W,492,39,71,0,0,1,100
217,626,617,L,492,21,47,0,1,0,4
218,617,274,L,1131,51,139,0,3,0,0
218,274,617,W,1131,59,125,0,0,0,0
219,617,627,W,768,30,45,1,2,2,136
219,627,617,L,768,37,56,1,2,0,432
220,617,269,W,900,20,54,0,2,0,1
220,269,617,L,900,11,46,0,0,0,0
221,617,628,W,889,39,70,0,2,1,42
221,628,617,L,889,121,171,1,2,0,106
222,617,629,L,434,4,13,0,0,0,0
222,629,617,W,434,19,25,4,4,0,310
223,617,277,L,418,7,25,0,0,0,2
223,277,617,W,418,29,55,0,0,1,11
224,617,630,W,900,31,68,1,3,0,127
224,630,617,L,900,20,38,3,6,0,202
225,617,251,W,900,20,50,0,1,0,41
225,251,617,L,900,5,12,3,7,0,529
226,617,273,W,321,35,42,1,1,1,179
226,273,617,L,321,2,6,1,1,0,141
227,617,268,W,376,7,23,0,0,1,2
227,268,617,L,376,28,52,0,3,0,15
228,617,631,L,851,16,37,0,1,0,8
228,631,617,W,851,98,122,0,1,0,81
229,617,278,W,216,14,28,0,1,1,0
229,278,617,L,216,10,19,0,0,0,0
230,617,632,L,400,27,43,2,4,0,108
230,617,632,W,400,24,36,0,0,1,126
231,617,614,L,55,4,6,0,0,0,0
231,614,617,W,55,15,24,0,0,1,2
232,617,613,L,185,0,3,0,0,0,0
232,613,617,W,185,12,21,6,8,0,152
233,617,506,W,33,17,33,0,0,1,29
233,506,617,L,33,1,1,0,0,0,0
234,617,82,L,1500,20,39,0,2,0,57
234,82,617,W,1500,38,56,6,15,0,1270
235,617,633,W,649,41,75,1,4,1,203
235,633,617,L,649,27,41,1,1,0,286
236,617,634,W,35,9,17,0,0,1,12
236,634,617,L,35,3,5,0,0,0,0
237,607,608,W,220,43,89,0,0,1,63
237,608,607,L,220,15,27,0,0,0,0
238,607,609,W,900,73,158,0,0,0,0
238,609,607,L,900,56,138,0,1,0,13
239,607,610,W,900,147,278,0,0,0,13
239,610,607,L,900,66,177,1,2,0,94
240,607,506,L,900,82,150,0,1,0,34
240,506,607,W,900,59,76,3,7,0,301
241,607,611,W,183,15,45,0,0,1,1
241,611,607,L,183,14,22,0,0,0,0
242,607,158,W,900,49,136,0,0,0,0
242,158,607,L,900,58,127,0,0,0,0
243,607,612,W,900,52,101,3,4,0,589
243,612,607,L,900,26,52,0,0,0,19
244,607,512,W,588,66,111,0,1,1,57
244,512,607,L,588,23,86,0,2,0,5
245,607,613,W,900,110,235,0,0,0,0
245,613,607,L,900,48,119,2,6,0,145
246,607,614,L,900,45,117,0,0,0,0
246,614,607,W,900,61,133,0,3,0,8
247,607,615,W,239,12,17,0,0,1,97
247,615,607,L,239,16,36,0,1,0,25
248,607,616,W,82,10,21,0,0,2,8
248,616,607,L,82,6,15,0,0,0,0
249,607,617,W,494,44,62,1,1,1,28
249,617,607,L,494,8,43,0,0,0,0
250,635,636,W,254,27,45,0,0,2,0
250,636,635,L,254,26,61,1,4,0,0
251,635,637,W,900,141,255,3,6,0,27
251,637,635,L,900,96,296,0,2,0,71
252,635,638,W,900,63,111,0,0,0,55
252,638,635,L,900,25,60,4,7,0,358
253,635,639,W,122,18,22,0,0,0,2
253,639,635,L,122,0,11,0,0,0,0
254,635,425,W,114,13,20,0,0,1,0
254,425,635,L,114,4,7,0,0,0,0
255,635,577,L,280,10,21,0,0,0,0
255,577,635,W,280,18,20,0,0,0,11
256,635,640,W,832,86,149,0,0,2,8
256,640,635,L,832,25,71,1,2,0,22
257,635,641,W,873,230,318,0,0,1,4
257,641,635,L,873,70,218,0,0,0,9
258,635,642,W,282,39,62,0,0,1,2
258,642,635,L,282,11,47,0,2,0,0
259,635,643,NC,489,25,47,0,0,0,0
259,643,635,NC,489,26,41,0,0,0,0
260,635,578,W,900,84,163,0,1,0,2
260,578,635,L,900,58,96,6,13,0,344
261,635,644,W,351,25,35,0,0,1,18
261,644,635,L,351,17,35,0,2,0,34
262,635,577,W,1500,230,356,0,0,0,3
262,577,635,L,1500,89,241,0,0,0,0
263,635,568,L,1500,47,89,0,0,0,0
263,568,635,W,1500,82,164,6,15,0,603
264,635,568,L,1500,31,57,0,0,0,0
264,568,635,W,1500,52,115,5,12,0,389
265,645,646,W,256,8,29,0,0,1,8
265,646,645,L,256,3,30,0,1,0,0
266,645,647,W,599,39,100,1,1,1,374
266,647,645,L,599,8,31,0,2,0,16
267,645,648,W,900,79,192,2,2,0,162
267,648,645,L,900,74,201,0,0,0,5
268,645,649,W,124,8,20,0,0,1,1
268,649,645,L,124,1,14,0,0,0,0
269,645,262,D,900,30,105,0,0,0,56
269,262,645,D,900,41,67,5,12,0,393
270,645,577,W,900,101,201,0,1,0,60
270,577,645,L,900,92,164,2,3,0,195
271,645,650,L,900,67,161,0,0,0,66
271,650,645,W,900,59,142,3,5,0,96
272,645,23,W,900,116,257,0,3,0,20
272,23,645,L,900,78,190,1,5,0,26
273,645,651,W,395,30,80,0,0,1,20
273,651,645,L,395,13,78,0,0,0,0
274,645,652,W,126,14,35,0,0,1,2
274,652,645,L,126,9,25,0,0,0,0
275,645,567,L,1200,54,145,2,2,0,99
275,567,645,W,1200,94,222,1,14,0,227
276,645,474,W,1270,105,228,0,0,2,27
276,474,645,L,1270,60,139,2,9,0,51
277,645,653,W,1500,77,165,2,3,0,661
277,653,645,L,1500,87,145,0,2,0,0
278,645,578,L,900,86,172,1,8,0,100
278,578,645,W,900,99,183,2,5,0,107
279,645,654,W,900,84,178,0,1,0,0
279,654,645,L,900,67,133,0,3,0,0
280,635,645,W,900,48,92,0,0,0,0
280,645,635,L,900,36,94,3,7,0,126
281,658,659,W,14,11,19,0,0,1,0
281,659,658,L,14,3,6,0,0,0,0
282,658,430,L,593,36,78,1,4,0,201
282,430,658,W,593,61,96,0,2,0,195
283,658,660,W,128,10,16,2,3,0,97
283,660,658,L,128,3,8,0,0,0,12
284,658,661,W,236,14,57,1,3,0,161
284,661,658,L,236,1,6,0,0,0,0
285,658,662,L,681,22,37,1,2,0,188
285,662,658,W,681,40,60,3,3,0,417
286,658,664,W,106,15,17,0,0,1,1
286,664,658,L,106,1,8,0,2,0,1
287,658,663,W,173,27,39,0,0,1,43
287,663,658,L,173,2,16,0,2,0,6
288,658,665,W,900,39,81,2,6,0,278
288,665,658,L,900,28,67,1,1,0,79
289,658,667,W,196,40,63,0,0,0,27
289,667,658,L,196,3,15,0,5,0,0
290,658,666,W,48,27,47,0,0,0,0
290,666,658,L,48,7,14,0,0,0,0
291,658,665,W,1500,86,176,2,8,0,152
291,665,658,L,1500,72,194,0,1,0,0
292,658,668,W,1356,124,254,3,4,0,229
292,668,658,L,1356,64,169,1,8,0,133
293,658,669,W,51,13,21,0,0,2,1
293,669,658,L,51,3,15,0,1,0,0
294,658,348,W,250,17,35,0,1,1,5
294,348,658,L,250,11,14,0,0,0,0
295,658,661,W,1500,79,184,8,11,0,1109
295,661,658,L,1500,40,73,0,0,0,100
296,658,670,W,1500,124,214,6,7,0,481
296,670,658,L,1500,42,130,0,7,0,9
297,658,671,W,123,18,25,0,0,0,42
297,671,658,L,123,2,5,0,1,0,0
298,658,657,L,506,46,99,1,1,0,215
298,657,658,W,506,79,135,1,1,0,25
299,658,657,W,1500,85,152,6,8,3,709
299,657,658,L,1500,60,154,0,0,0,0
300,658,33,W,1500,142,267,6,13,0,420
300,33,658,L,1500,41,143,0,0,0,10
301,655,348,W,407,51,71,2,5,0,291
301,348,655,L,407,2,12,0,1,0,15
302,655,656,W,900,55,94,2,8,0,474
302,656,655,L,900,24,61,0,0,0,0
303,655,657,W,595,30,54,2,3,0,366
303,657,655,L,595,9,30,0,1,0,0
,,,,,,,,,,
,,,,,,,,,,
305,533,672,L,839,122,237,0,1,0,6
305,672,533,W,839,155,356,1,2,1,20
306,533,436,L,933,115,212,0,0,0,64
306,436,533,W,933,174,351,0,5,0,6
307,533,673,W,87,7,15,0,0,1,4
307,673,533,L,87,10,20,0,0,0,0
308,533,188,W,150,20,35,0,0,1,44
308,188,533,L,150,13,32,0,0,0,0
309,533,197,W,258,40,61,0,0,1,4
309,197,533,L,258,17,52,0,0,0,0
310,533,200,W,1419,143,197,0,0,0,0
310,200,533,L,1419,136,296,0,0,0,0
311,533,202,L,394,26,80,2,3,0,55
311,202,533,W,394,29,45,0,0,0,14
312,533,435,W,900,116,183,0,0,1,97
312,435,533,L,900,103,245,1,6,0,3
313,533,674,L,202,21,33,0,0,1,13
313,674,533,W,202,30,47,0,1,1,39
314,533,675,W,900,103,171,1,3,0,5
314,675,533,L,900,97,169,0,0,0,0
315,533,436,W,360,41,66,0,0,1,1
315,436,533,L,360,27,52,0,0,0,0
316,533,600,L,1499,103,199,0,0,0,0
316,600,533,W,1499,181,309,0,0,1,0
317,533,675,W,900,72,134,0,3,1,92
317,675,533,L,900,68,119,2,2,0,40
318,676,677,W,265,47,81,0,2,1,10
318,677,676,L,265,25,51,1,1,0,27
319,676,678,W,229,3,6,1,2,0,53
319,678,676,L,229,7,9,0,0,0,163
320,676,679,W,466,17,39,1,1,0,104
320,679,676,L,466,16,22,3,9,0,290
321,676,680,W,900,63,155,0,3,0,35
321,680,676,L,900,60,103,3,6,0,388
322,676,200,W,900,106,165,1,4,1,533
322,200,676,L,900,62,105,0,0,0,0
323,676,681,W,202,8,13,0,0,0,0
323,681,676,L,202,15,21,1,1,0,34
324,676,435,W,787,80,143,1,2,0,291
324,435,676,L,787,11,28,4,7,0,164
325,533,676,W,1500,144,254,3,3,2,355
325,676,533,L,1500,156,311,0,5,0,48
326,545,206,W,900,59,149,4,5,0,399
326,206,545,L,900,71,171,0,0,0,32
327,682,683,W,900,84,246,0,0,0,0
327,683,682,L,900,57,191,1,2,0,54
328,684,685,L,669,64,113,1,8,0,111
328,685,684,W,669,83,151,0,1,2,12
329,684,686,W,276,21,33,4,7,0,173
329,686,684,L,276,10,24,0,1,0,1
330,684,687,L,366,9,28,0,0,0,7
330,687,684,W,366,19,41,2,2,1,86
331,684,688,W,900,80,205,0,2,0,0
331,688,684,L,900,53,126,0,0,0,0
332,684,689,L,246,14,27,0,3,0,59
332,689,684,W,246,21,41,0,0,1,2
333,682,684,W,299,59,121,0,0,1,3
333,684,682,L,299,36,73,0,2,0,0
334,16,17,W,554,33,89,2,6,1,107
334,17,16,L,554,37,70,0,0,0,0
335,16,711,W,285,16,35,0,2,1,128
335,711,16,L,285,13,22,0,0,0,0
336,691,712,L,900,76,135,0,2,0,60
336,712,691,W,900,75,180,5,11,0,134
337,691,713,W,228,8,26,1,1,0,61
337,713,691,L,228,0,1,0,0,0,0
338,691,714,W,900,80,120,1,8,1,28
338,714,691,L,900,94,243,1,6,0,13
,,,,,,,,,,
,,,,,,,,,,
340,693,717,W,900,71,140,6,12,1,439
340,717,693,L,900,43,129,0,1,2,64
341,693,718,W,408,14,55,0,5,1,70
341,718,693,L,408,23,54,0,1,0,0
342,692,715,W,228,24,40,0,0,1,5
342,715,692,L,228,19,37,0,1,0,0
343,692,716,W,900,54,112,0,0,1,3
343,716,692,L,900,37,103,0,9,0,3
344,692,693,L,900,56,125,0,0,0,14
344,693,692,W,900,52,150,7,15,0,299
345,697,727,W,900,39,70,2,5,0,484
345,727,697,L,900,40,56,0,0,0,254
346,697,728,W,900,29,55,3,3,0,618
346,728,697,L,900,4,11,4,5,0,182
347,696,723,W,188,7,15,0,1,0,9
347,723,696,L,188,12,29,1,3,0,32
348,696,724,L,900,94,181,2,10,0,149
348,724,696,W,900,132,248,0,0,1,4
349,696,725,W,533,40,62,0,1,0,161
349,725,696,L,533,15,28,3,11,0,222
350,696,726,W,522,50,72,3,5,0,209
350,726,696,L,522,37,56,0,0,0,0
351,696,697,L,900,68,134,1,10,0,330
351,697,696,W,900,99,173,1,4,0,187
352,695,721,W,900,57,137,0,4,0,2
352,721,695,L,900,17,67,2,13,0,155
353,695,722,W,47,10,15,0,0,1,25
353,722,695,L,47,3,4,0,0,0,0
354,694,719,W,444,29,55,0,0,1,2
354,719,694,L,444,28,70,0,6,0,0
355,694,720,W,900,88,215,0,1,0,0
355,720,694,L,900,48,155,3,12,0,89
356,694,695,W,828,45,119,0,0,1,4
356,695,694,L,828,79,204,1,1,0,0
357,699,732,W,134,11,12,3,3,0,71
357,732,699,L,134,6,13,0,1,0,2
358,699,733,W,900,32,77,6,9,0,227
358,733,699,L,900,32,65,6,14,0,273
359,699,734,L,900,24,58,5,21,0,499
359,734,699,W,900,25,57,0,0,0,50
360,699,735,W,148,7,12,0,0,0,42
360,735,699,L,148,1,2,1,2,0,63
361,699,736,W,900,62,158,2,13,0,118
361,736,699,L,900,43,84,1,4,0,143
362,699,720,W,183,13,19,0,3,0,20
362,720,699,L,183,9,32,1,1,0,19
363,699,737,L,900,41,92,0,4,0,4
363,737,699,W,900,76,112,2,2,1,395
364,699,315,W,37,13,18,0,0,2,6
364,315,699,L,37,0,2,0,0,0,0
365,698,729,L,390,12,28,0,0,0,93
365,729,698,W,390,31,67,0,0,1,2
366,698,730,L,900,31,66,0,6,0,215
366,730,698,W,900,32,92,2,2,0,336
367,698,731,W,182,1,1,1,1,0,116
367,731,698,L,182,1,4,0,0,0,0
368,698,699,W,900,48,107,0,7,0,177
368,699,698,L,900,68,124,3,3,1,75
369,701,738,W,900,58,129,4,9,0,265
369,738,701,L,900,42,110,0,0,0,61
370,701,739,W,900,70,111,3,5,0,538
370,739,701,L,900,23,61,2,2,1,116
371,701,740,W,900,44,125,1,2,0,296
371,740,701,L,900,36,93,1,9,0,118
372,701,741,W,640,65,117,0,0,1,5
372,741,701,L,640,24,70,0,0,0,6
373,701,742,L,900,10,31,0,2,0,104
373,742,701,W,900,33,61,6,9,0,615
374,700,743,W,181,1,4,1,2,0,74
374,743,700,L,181,5,6,1,2,0,79
375,700,744,W,900,85,192,0,0,1,9
375,744,700,L,900,67,168,0,0,0,0
376,700,701,W,511,19,59,1,1,0,95
376,701,700,L,511,40,82,0,2,0,71
377,703,57,L,18,0,2,0,0,0,0
377,57,703,W,18,7,11,0,0,1,0
378,703,96,W,900,27,55,8,24,0,701
378,96,703,L,900,21,47,0,0,0,0
379,703,747,W,900,80,128,6,16,0,557
379,747,703,L,900,52,90,0,0,0,27
380,703,59,L,900,33,55,7,14,0,429
380,59,703,W,900,45,74,2,2,0,204
381,703,331,W,900,83,164,9,13,0,457
381,331,703,L,900,34,102,0,0,0,4
382,703,329,L,255,28,39,1,3,0,219
382,329,703,W,255,2,4,1,1,0,26
383,703,748,W,339,20,40,0,3,0,32
383,748,703,L,339,13,42,1,2,0,13
384,702,745,W,463,7,12,7,11,0,393
384,745,702,L,463,18,34,0,0,0,5
385,702,704,W,900,28,53,10,14,0,701
385,704,702,L,900,32,65,0,0,0,6
386,702,746,W,250,35,35,1,1,0,240
386,746,702,L,250,0,3,0,0,0,0
387,702,558,W,900,4,8,8,17,0,796
387,558,702,L,900,23,39,0,0,0,16
388,702,703,L,900,27,77,0,1,0,20
388,703,702,W,900,117,181,2,8,1,316
389,329,330,L,143,19,23,1,3,0,127
389,330,329,W,143,15,16,0,0,0,6
390,329,331,L,900,28,53,0,1,0,115
390,331,329,W,900,14,40,4,15,0,561
391,329,141,W,221,4,8,1,4,0,35
391,141,329,L,221,29,56,1,1,0,112
392,329,749,W,230,15,39,1,2,1,78
392,749,329,L,230,8,25,0,0,0,0
393,329,517,L,517,0,2,3,3,0,113
393,517,329,W,517,15,29,0,0,0,72
394,329,750,L,388,20,29,0,0,1,64
394,750,329,W,388,10,15,1,7,0,259
395,329,3,L,900,3,10,2,4,0,143
395,3,329,W,900,17,22,0,0,0,708
396,329,751,W,109,9,12,1,1,0,85
396,751,329,L,109,10,12,0,0,0,0
397,329,752,L,518,4,12,0,0,0,33
397,752,329,W,518,8,13,3,6,0,445
398,329,96,NC,37,1,2,0,1,0,3
398,96,329,NC,37,23,30,0,0,0,27
399,329,219,W,285,44,79,0,1,1,48
399,219,329,L,285,37,73,0,0,0,30
400,329,4,D,636,30,67,0,0,0,1
400,4,329,D,636,73,25,73,0,0,7
401,329,753,L,900,31,65,3,7,0,328
401,753,329,W,900,26,72,0,0,0,192
402,704,754,W,178,26,52,1,2,2,52
402,754,704,L,178,14,31,0,0,0,0
403,704,748,W,161,12,36,0,0,1,36
403,748,704,L,161,7,13,0,0,0,0
404,704,329,W,548,57,119,0,0,0,124
404,329,704,L,548,29,65,0,1,0,19
405,705,515,L,513,20,28,1,1,0,220
405,515,705,W,513,47,71,0,0,0,84
406,705,152,W,900,35,68,0,3,0,0
406,152,705,L,900,28,78,0,0,0,0
407,705,755,W,213,17,23,0,0,1,21
407,705,755,L,213,14,17,0,0,0,0
408,771,756,L,900,22,61,0,0,0,0
408,756,771,W,900,7,29,2,12,0,723
409,771,85,W,84,8,13,0,0,1,4
409,85,771,L,84,2,9,0,1,0,17
410,771,506,L,374,11,27,0,0,0,0
410,506,771,W,374,33,46,1,3,1,206
411,771,757,L,296,5,8,0,0,0,0
411,757,771,W,296,4,4,2,3,0,234
412,771,758,W,425,71,128,0,0,0,2
412,758,771,L,425,53,118,1,8,0,46
413,771,759,L,565,24,38,0,0,0,27
413,759,771,W,565,11,22,5,9,0,471
414,771,705,L,498,38,70,0,0,1,7
414,705,771,W,498,24,51,1,5,0,100
415,541,760,L,900,36,95,3,15,0,202
415,760,541,W,900,91,153,1,1,0,181
416,541,761,L,900,20,72,5,11,0,416
416,761,541,W,900,47,89,1,5,0,72
417,541,164,W,46,6,13,0,0,1,4
417,164,541,L,46,5,10,0,0,0,0
418,541,762,W,471,55,108,1,2,1,47
418,762,541,L,471,29,64,0,0,0,0
419,541,763,L,346,35,59,1,3,0,91
419,763,541,W,346,52,111,1,1,1,2
420,541,764,W,900,59,104,3,4,0,287
420,764,541,L,900,28,75,0,2,0,10
421,541,730,L,479,39,71,3,8,0,148
421,730,541,W,479,28,70,0,1,1,1
422,541,171,W,900,88,179,0,2,0,0
422,171,541,L,900,83,188,0,1,0,0
423,541,765,L,104,8,23,0,0,0,0
423,765,541,W,104,16,29,0,0,2,5
424,541,708,L,282,14,38,0,0,0,0
424,708,541,W,282,25,40,0,1,1,4
425,541,766,W,900,43,89,3,17,0,341
425,766,541,L,900,46,116,0,0,0,7
426,707,767,W,900,81,146,9,22,0,280
426,767,707,L,900,64,113,0,3,0,104
427,707,768,W,19,6,7,0,0,1,1
427,768,707,L,19,0,1,0,1,0,0
428,707,769,W,900,79,124,8,23,0,455
428,769,707,L,900,41,78,0,6,0,128
429,707,765,W,150,14,36,0,4,1,0
429,765,707,L,150,10,13,0,0,0,0
430,707,541,W,182,5,8,2,3,0,39
430,541,707,L,182,1,4,1,1,0,74
431,634,770,W,147,29,53,0,0,1,2
431,770,634,L,147,19,46,0,0,0,0
432,634,771,W,35,8,9,0,1,1,11
432,771,634,L,35,0,1,0,0,0,0
433,632,778,W,275,22,36,0,2,1,75
433,778,632,L,275,10,19,0,2,0,38
434,632,779,W,138,38,51,0,0,0,24
434,779,632,L,138,3,11,0,0,0,0
435,632,158,W,900,54,120,0,0,1,99
435,158,632,L,900,51,125,0,2,0,38
436,632,277,L,450,16,42,0,0,0,76
436,277,632,W,450,26,65,0,0,1,47
437,632,630,L,900,64,144,0,0,0,158
437,630,632,W,900,73,123,2,2,1,158
438,632,613,L,494,21,50,0,0,0,6
438,613,632,W,494,23,42,6,8,0,262
439,632,780,W,299,27,42,0,0,1,104
439,780,632,L,299,13,19,0,1,0,0
440,632,781,W,49,14,18,0,0,1,10
440,781,632,L,49,2,6,0,0,0,0
441,632,782,W,67,11,23,0,0,1,6
441,782,632,L,67,6,15,0,0,0,0
442,632,783,W,326,34,52,0,1,1,148
442,783,632,L,326,21,29,0,1,0,33
443,632,631,L,863,29,89,0,1,1,1
443,631,632,W,863,110,168,0,1,1,1
444,632,614,L,54,2,10,0,0,0,0
444,614,632,W,54,23,44,0,0,2,0
445,632,710,L,577,28,67,0,0,0,0
445,710,632,W,577,93,143,0,1,1,155
446,632,627,L,248,15,24,0,0,0,0
446,627,632,W,248,27,41,1,4,0,168
447,627,88,L,900,37,126,0,0,0,1
447,88,627,W,900,91,184,0,0,0,0
448,632,634,L,900,42,58,0,0,0,238
448,634,632,W,900,51,74,3,9,0,420
449,708,772,W,885,70,120,0,0,0,72
449,772,708,L,885,60,143,0,3,0,24
450,708,773,W,900,67,113,0,0,1,16
450,773,708,L,900,90,236,0,6,0,80
451,708,681,W,127,4,9,0,0,1,3
451,681,708,L,127,4,15,0,0,0,0
452,708,709,L,476,5,17,0,0,0,34
452,709,708,W,476,17,38,3,10,0,278
453,675,774,L,86,1,1,0,0,0,0
453,774,675,W,86,10,12,0,0,1,3
454,675,775,W,900,66,131,1,1,0,95
454,775,675,L,900,55,133,0,11,0,61
455,675,102,W,900,78,124,1,2,0,169
455,102,675,L,900,68,148,0,4,0,22
456,675,549,W,245,21,35,0,1,1,4
456,549,675,L,245,15,37,0,1,0,0
457,675,681,W,900,104,223,0,0,0,8
457,681,675,L,900,143,263,0,2,0,0
458,675,760,W,740,66,123,0,0,0,9
458,675,760,L,740,59,115,1,4,0,14
459,675,776,W,1218,64,159,0,1,1,179
459,776,675,L,1218,54,110,2,16,0,363
460,675,777,L,423,18,32,0,0,0,0
460,777,675,W,423,16,40,1,6,0,88
461,675,169,W,900,62,113,4,4,0,103
461,169,675,L,900,50,147,0,2,0,73
462,708,675,W,570,55,88,0,0,1,45
462,675,708,L,570,36,66,0,1,0,0
463,709,784,L,900,67,148,2,14,0,145
463,784,709,W,900,149,259,0,4,0,120
464,709,785,W,392,8,10,3,5,0,344
464,785,709,L,392,11,14,0,0,0,0
465,709,441,W,316,42,67,1,1,3,197
465,441,709,L,316,20,37,1,3,0,20
466,709,288,W,288,13,33,2,7,0,177
466,288,709,L,288,14,24,0,0,0,10
467,709,539,W,584,101,182,5,9,0,320
467,539,709,L,584,24,62,1,3,0,14
468,709,786,W,91,6,11,0,0,1,19
468,786,709,L,91,5,9,2,2,0,25
469,709,436,L,452,50,74,3,7,0,293
469,436,709,W,452,28,34,0,1,1,31
470,709,549,L,600,25,60,0,0,0,5
470,549,709,W,600,50,72,1,3,0,293
471,709,787,W,455,54,70,3,5,0,332
471,787,709,L,455,12,27,0,1,0,7
472,709,531,W,16,3,5,0,0,1,0
472,531,709,L,16,3,5,0,0,0,0
473,598,788,W,214,12,18,0,0,0,114
473,788,598,L,214,1,9,0,2,0,21
474,598,789,L,900,99,236,0,0,0,104
474,789,598,W,900,132,240,3,13,0,154
475,598,790,W,553,21,62,0,0,1,10
475,790,598,L,553,32,92,2,5,0,120
476,598,791,L,900,19,79,1,3,0,361
476,791,598,W,900,52,104,2,9,0,54
477,598,792,W,84,5,9,0,0,0,13
477,792,598,L,84,4,8,0,2,0,17
478,598,384,L,900,47,100,0,0,0,42
478,384,598,W,900,59,185,4,13,0,292
479,598,191,W,482,69,141,0,1,1,1
479,191,598,L,482,38,88,0,0,0,0
480,598,102,W,642,17,40,2,3,0,194
480,102,598,L,642,24,69,0,5,0,23
481,598,551,W,180,24,44,0,0,1,14
481,551,598,L,180,10,20,1,2,0,27
482,598,354,W,148,22,34,0,0,2,15
482,354,598,L,148,13,28,0,1,0,0
483,598,188,L,739,81,204,0,1,0,5
483,188,598,W,739,126,226,0,1,1,113
484,598,673,W,153,22,41,0,0,1,3
484,673,598,L,153,7,23,0,0,0,0
485,598,447,W,900,98,207,0,1,1,150
485,447,598,L,900,37,116,0,3,0,23
486,598,199,W,1500,122,221,1,5,0,305
486,199,598,L,1500,110,230,0,1,0,2
487,598,436,L,1500,155,253,4,9,0,362
487,436,598,W,1500,153,231,1,7,0,169
488,598,435,L,150,8,19,0,0,0,0
488,435,598,W,150,17,24,0,0,1,0
489,598,765,W,900,73,153,3,7,0,424
489,765,598,L,900,35,77,0,1,0,3
490,598,793,L,145,4,13,0,0,0,0
490,793,598,W,145,2,3,1,1,0,108
491,598,794,W,546,29,63,0,0,1,128
491,794,598,L,546,5,18,0,8,0,8
492,598,763,W,900,125,197,0,2,1,189
492,763,598,L,900,100,177,1,3,0,18
493,598,777,W,900,65,143,0,0,0,88
493,777,598,L,900,64,129,5,15,0,299
494,598,795,L,514,10,33,0,0,0,10
494,795,598,W,514,42,60,2,4,0,362
495,795,598,W,585,97,127,2,9,0,374
495,598,795,L,585,30,47,0,1,0,28
496,606,312,L,900,20,40,0,0,0,0
496,312,606,W,900,44,74,3,4,0,467
497,606,601,L,900,37,69,0,0,0,41
497,601,606,W,900,88,129,4,7,0,510
498,606,796,W,98,0,4,0,0,0,0
498,796,606,L,98,0,6,1,1,0,39
499,606,797,W,90,13,18,0,1,1,12
499,797,606,L,90,7,12,0,2,0,0
500,606,597,W,89,26,32,0,0,2,34
500,597,606,L,89,2,5,0,0,0,0
501,606,798,W,900,49,100,1,3,0,246
501,798,606,L,900,42,77,0,1,0,99
502,606,799,W,900,106,206,1,1,0,165
502,799,606,L,900,63,195,0,2,0,6
503,606,710,L,1500,63,194,0,0,1,5
503,710,606,W,1500,158,259,1,11,0,78
504,710,800,W,426,50,76,3,3,0,263
504,800,710,L,426,4,10,1,2,0,100
505,710,801,W,900,87,139,4,7,1,318
505,801,710,L,900,46,149,0,5,0,23
506,710,802,W,900,68,114,5,14,0,501
506,802,710,L,900,18,81,1,1,0,16
507,710,803,W,597,73,120,2,3,0,476
507,803,710,L,597,8,25,0,3,0,27
508,710,534,W,900,100,144,2,12,2,205
508,534,710,L,900,82,172,1,6,0,59
509,710,804,W,554,54,124,0,0,1,8
509,804,710,L,554,28,51,3,4,1,45
510,710,805,W,900,95,176,0,3,0,266
510,805,710,L,900,29,79,0,1,0,7
511,710,600,W,1500,157,303,0,4,0,44
511,600,710,L,1500,134,303,0,0,0,2
512,710,600,W,1500,137,272,3,9,0,86
512,600,710,L,1500,102,268,0,0,0,0
513,710,799,W,1500,214,353,0,0,0,231
513,799,710,L,1500,88,234,2,5,0,54
514,710,806,W,859,138,213,4,8,1,172
514,806,710,L,859,48,125,0,0,0,0
515,710,600,W,1500,199,372,0,0,0,117
515,600,710,L,1500,127,301,0,3,0,16
516,710,793,L,1500,70,143,0,4,1,175
516,793,710,W,1500,57,95,4,9,0,457
517,710,791,W,839,66,97,7,12,0,433
517,791,710,L,839,40,80,0,0,0,0
518,710,793,L,186,4,6,0,0,0,49
518,793,710,W,186,24,49,0,1,1,19
519,710,807,L,512,47,107,0,0,0,0
519,807,710,W,512,35,77,0,0,1,3
520,710,606,W,1500,98,160,2,7,0,169
520,606,710,L,1500,70,158,2,5,0,110
521,393,665,L,565,2,12,0,0,0,0
521,665,393,W,565,95,113,2,2,0,510
522,393,266,L,900,75,234,0,0,0,67
522,266,393,W,900,107,197,2,11,0,74
523,393,416,L,900,69,149,0,2,0,0
523,416,393,W,900,125,251,0,0,1,158
524,393,394,W,40,8,18,0,0,1,2
524,394,393,L,40,5,11,0,0,0,0
525,393,395,W,591,36,57,0,0,0,17
525,395,393,L,591,33,48,4,9,0,404
526,393,822,L,299,20,36,0,0,0,6
526,822,393,W,299,32,43,1,4,0,169
527,393,396,W,900,102,218,1,1,0,27
527,396,393,L,900,170,375,0,0,0,5
528,393,46,W,65,20,35,0,0,1,11
528,46,393,L,65,4,15,0,0,0,0
529,393,596,L,731,11,23,0,0,0,0
529,596,393,W,731,36,51,3,9,0,534
530,393,581,L,861,24,50,0,0,0,5
530,581,393,W,861,93,120,2,5,1,685
531,393,823,W,166,37,76,0,0,1,2
531,823,393,L,166,31,67,0,1,0,0
532,393,824,L,144,18,50,0,0,0,0
532,824,393,W,144,26,44,0,2,1,0
533,825,826,L,380,12,32,0,3,0,64
533,826,825,W,380,38,60,2,3,0,166
534,825,827,W,900,101,181,1,2,0,135
534,827,825,L,900,74,200,0,0,0,101
535,393,825,L,900,99,219,1,2,0,16
535,825,393,W,900,151,335,0,3,0,0
536,829,830,W,900,46,83,0,0,0,124
536,830,829,L,900,37,58,5,7,0,461
537,819,26,L,900,31,65,5,12,0,477
537,26,819,W,900,47,78,0,2,1,169
538,819,423,L,900,61,157,0,6,0,105
538,423,819,W,900,40,88,3,6,1,256
539,819,813,L,73,1,3,0,1,0,7
539,813,819,W,73,5,11,0,0,0,3
540,819,376,W,900,47,71,1,3,0,398
540,376,819,L,900,12,35,3,11,0,296
541,819,828,W,900,37,90,0,1,1,157
541,828,819,L,900,31,73,0,1,0,101
542,819,829,L,899,79,158,2,5,0,104
542,829,819,W,899,56,148,0,0,0,273
543,831,832,W,240,6,16,1,1,0,226
543,832,831,L,240,0,3,0,0,0,0
544,831,110,W,434,57,77,3,3,0,357
544,110,831,L,434,5,22,0,0,0,2
545,831,833,L,900,18,47,5,26,0,396
545,833,831,W,900,50,88,0,1,0,140
546,831,834,W,900,26,76,3,4,0,253
546,834,831,L,900,46,103,0,0,0,0
547,831,136,W,900,64,235,2,3,0,182
547,136,831,L,900,38,145,2,9,0,63
548,835,836,W,184,19,23,1,1,0,164
548,836,835,L,184,2,4,0,0,0,0
549,835,582,W,62,10,26,0,0,1,2
549,582,835,L,62,1,9,0,0,0,0
550,835,837,L,529,46,111,0,1,0,0
550,837,550,W,529,18,59,0,2,1,28
551,835,306,W,900,103,181,2,2,0,3
551,306,835,L,900,31,64,0,1,0,0
552,835,46,W,900,143,222,0,0,1,16
552,46,835,L,900,63,176,0,4,0,3
553,835,831,W,900,39,71,0,0,1,191
553,831,835,L,900,12,34,3,12,0,486
554,220,221,W,852,70,110,3,5,0,601
554,221,220,L,852,12,32,0,0,0,2
555,220,210,W,900,89,164,0,0,0,0
555,210,220,L,900,62,178,0,3,0,3
556,220,222,W,900,80,149,2,2,0,193
556,222,220,L,900,33,113,2,13,0,103
557,220,13,W,900,95,130,3,5,0,319
557,13,220,L,900,29,88,2,11,0,139
558,220,821,NC,315,30,43,1,4,0,29
558,821,220,NC,315,25,36,0,1,0,14
559,220,470,L,900,67,205,0,4,0,0
559,470,220,W,900,75,174,0,0,0,13
560,220,474,L,238,20,36,0,0,0,1
560,474,220,W,238,11,21,1,3,1,76
561,813,814,W,900,65,113,1,11,0,120
561,814,813,L,900,32,87,0,1,0,0
562,813,731,W,148,17,24,0,0,1,0
562,731,813,L,148,2,8,0,0,0,0
563,813,205,L,900,55,172,0,2,0,14
563,205,813,W,900,42,100,2,5,0,157
564,813,815,W,51,18,24,0,0,0,5
564,815,813,L,51,3,7,0,1,0,0
565,813,262,W,47,7,13,0,1,0,2
565,262,813,L,47,1,4,0,2,0,10
566,813,816,W,900,42,97,1,5,0,22
566,816,813,L,900,28,74,1,1,0,252
567,813,817,W,530,7,18,0,2,0,25
567,817,813,L,530,11,30,5,12,0,482
568,813,818,L,900,47,78,3,9,0,261
568,818,813,W,900,38,55,0,1,0,369
569,813,820,L,900,38,79,1,9,0,58
569,820,813,W,900,43,94,3,5,0,432
570,813,605,L,900,20,32,0,0,1,193
570,605,813,W,900,13,20,3,9,0,584
571,220,950,W,900,59,97,3,8,1,338
571,950,220,L,900,24,108,0,0,0,25
572,838,839,L,105,0,0,0,0,0,0
572,839,838,W,105,3,10,1,1,0,81
573,838,307,W,900,80,116,1,2,0,192
573,307,838,L,900,31,77,2,5,0,174
574,838,840,W,182,21,35,0,0,1,15
574,840,838,L,182,35,73,0,2,0,0
575,838,587,L,900,70,138,0,2,0,3
575,587,838,W,900,86,158,2,6,0,271
576,838,841,L,900,56,103,0,3,0,101
576,841,838,W,900,64,150,7,10,0,276
577,306,307,W,573,40,49,2,2,1,152
577,307,306,L,573,19,34,3,8,0,182
578,306,833,L,462,15,22,0,1,0,79
578,833,306,W,462,54,93,3,3,1,233
579,306,174,W,900,56,90,2,3,0,201
579,174,306,L,900,54,144,0,2,0,65
580,306,842,L,900,28,63,1,2,0,149
580,842,306,W,900,58,112,1,2,0,56
581,306,266,W,900,44,74,3,3,0,335
581,266,306,L,900,32,56,2,7,0,201
582,306,843,W,900,31,70,1,2,0,80
582,843,306,L,900,32,116,2,4,0,312
583,838,306,W,900,33,69,1,8,0,483
583,306,838,L,900,31,60,1,4,0,41
584,879,880,W,267,39,68,1,3,1,63
584,880,879,L,267,10,36,1,4,0,62
585,861,862,W,900,43,125,0,0,0,65
585,862,861,L,900,59,134,1,3,0,188
586,861,863,W,900,111,186,0,3,0,54
586,863,861,L,900,46,95,0,0,0,19
587,861,864,NC,600,45,131,0,0,1,8
587,864,861,NC,600,23,117,0,1,1,0
588,861,865,L,900,38,123,0,0,0,0
588,865,861,W,900,27,86,2,2,0,45
589,861,866,W,132,7,19,0,0,1,1
589,866,861,L,132,4,13,0,0,0,6
590,861,867,L,900,20,67,0,0,0,106
590,867,861,W,900,14,38,3,4,0,542
591,861,868,W,900,98,212,0,2,0,46
591,868,861,L,900,61,152,0,0,0,3
592,861,869,W,204,25,55,0,0,0,31
592,869,861,L,204,10,31,1,1,0,7
593,861,870,W,900,81,255,0,1,1,27
593,870,861,L,900,75,166,4,5,0,155
594,861,871,L,27,1,4,0,0,0,0
594,871,861,W,27,10,17,0,1,1,5
595,861,872,W,900,176,321,3,3,0,154
595,872,861,L,900,124,230,0,3,0,12
596,861,201,L,900,31,78,1,5,0,150
596,201,861,W,900,50,80,0,1,0,278
597,861,197,W,280,35,84,0,2,0,47
597,197,861,L,280,17,35,0,2,0,2
598,861,873,W,900,90,213,0,0,0,66
598,873,861,L,900,86,205,1,2,0,39
599,861,305,W,900,90,230,0,0,1,83
599,305,861,L,900,65,144,0,1,0,8
600,861,874,W,900,106,194,0,4,0,24
600,874,861,L,900,74,229,1,1,1,158
601,861,875,L,749,38,131,0,0,1,8
601,875,861,W,749,66,155,0,1,1,0
602,861,876,W,429,33,92,0,0,0,0
602,876,861,L,429,40,87,2,2,0,46
603,861,335,L,900,40,141,1,2,0,13
603,335,861,W,900,68,176,2,4,0,141
604,861,300,W,900,38,141,0,0,0,0
604,300,861,L,900,60,160,1,6,0,200
605,861,864,L,900,96,210,1,1,0,56
605,864,861,W,900,108,224,5,5,0,207
606,861,877,L,900,74,257,0,1,0,0
606,877,861,W,900,123,257,1,1,0,56
607,861,878,L,256,40,95,0,1,0,20
607,878,861,W,256,79,120,0,0,0,3
608,861,879,L,900,40,146,0,0,0,0
608,879,861,W,900,100,162,0,0,1,140
609,892,890,L,900,86,171,1,9,0,331
609,890,892,W,900,87,147,0,1,0,43
610,892,153,W,900,44,62,6,10,1,706
610,153,892,L,900,19,42,0,0,0,27
611,851,881,L,900,18,72,0,0,0,0
611,881,851,W,900,26,82,3,3,0,352
612,851,882,L,668,30,126,0,0,0,0
612,882,851,W,668,44,128,0,1,0,6
613,851,883,W,900,117,156,1,1,1,305
613,883,851,L,900,30,80,1,11,0,97
614,851,884,W,158,22,38,0,0,2,11
614,884,851,L,158,10,31,0,0,0,0
615,851,885,W,900,57,137,0,0,0,48
615,885,851,L,900,66,156,0,2,2,76
616,851,521,D,900,84,148,1,3,0,92
616,521,851,D,900,71,152,9,19,0,267
617,851,121,W,184,37,61,0,1,0,23
617,121,851,L,184,18,33,2,2,0,43
618,851,886,W,900,153,321,0,0,0,0
618,886,851,L,900,77,189,0,0,0,0
619,851,517,W,900,89,243,1,2,0,190
619,517,851,L,900,69,173,1,2,0,17
620,851,887,W,193,14,23,0,0,1,3
620,887,851,L,193,14,39,0,0,0,0
621,851,518,L,900,120,255,0,3,0,5
621,518,851,W,900,85,237,0,0,0,0
622,851,888,L,900,64,131,1,6,0,186
622,888,851,W,900,67,127,1,5,1,16
623,851,889,W,82,10,33,0,0,1,4
623,889,851,L,82,4,18,0,0,0,0
624,851,890,L,900,93,150,0,0,0,128
624,890,851,W,900,68,117,1,2,1,123
625,851,513,L,120,6,16,0,0,0,0
625,513,851,W,120,20,33,0,0,2,3
626,851,519,W,824,45,96,0,0,1,20
626,519,851,L,824,40,96,0,4,0,40
627,851,891,W,110,17,29,0,0,1,30
627,891,851,L,110,3,9,0,0,0,0
628,851,892,W,402,42,71,0,0,1,59
628,892,851,L,402,7,21,3,7,0,167
629,223,224,W,900,116,177,3,4,0,545
629,224,223,L,900,27,67,0,0,0,0
630,223,261,W,900,58,96,3,6,0,328
630,261,223,L,900,46,117,1,6,0,158
631,223,27,W,255,4,6,2,5,0,195
631,27,223,L,255,7,8,0,0,0,30
632,223,225,W,900,42,100,5,16,0,408
632,225,223,L,900,40,93,0,0,0,2
633,223,226,W,900,60,126,4,7,0,277
633,226,223,L,900,45,125,1,4,0,18
634,223,653,W,900,41,110,2,2,0,207
634,653,223,L,900,31,86,1,1,0,42
635,844,845,W,900,100,275,0,0,0,30
635,845,844,L,900,99,196,2,6,0,191
636,844,846,W,599,19,35,2,4,0,94
636,846,844,L,599,14,39,9,19,0,361
637,844,81,W,900,89,201,1,7,0,124
637,81,844,L,900,89,141,3,8,0,205
638,844,575,L,900,77,181,7,10,0,375
638,575,844,W,900,95,171,0,0,0,78
639,844,847,W,900,95,233,0,3,0,56
639,847,844,L,900,83,184,5,8,0,192
640,844,223,L,900,76,220,7,11,0,280
640,223,844,W,900,80,152,2,7,0,143
641,809,685,L,900,52,79,0,3,0,66
641,685,809,W,900,53,121,4,8,0,330
642,809,810,L,900,50,92,0,2,0,9
642,810,809,W,900,47,99,0,2,0,76
643,809,811,L,553,5,19,0,0,0,0
643,811,809,W,553,39,52,2,4,0,541
644,809,764,W,900,56,105,2,6,0,153
644,764,809,L,900,47,77,3,10,0,409
645,809,812,L,900,9,12,0,1,0,49
645,812,809,W,900,39,54,4,11,0,755
646,864,908,W,270,6,16,1,4,0,172
646,908,864,L,270,8,14,0,0,0,1
647,864,909,W,104,10,19,0,0,1,5
647,909,864,L,104,5,9,0,0,0,0
648,864,910,L,548,25,99,0,1,0,0
648,910,864,W,548,61,113,0,0,1,18
649,864,911,W,561,24,47,2,5,0,177
649,911,864,L,561,21,61,1,6,0,185
650,864,318,W,369,12,39,1,2,0,104
650,318,864,L,369,13,37,1,2,0,98
651,864,96,L,43,4,10,0,1,0,0
651,96,864,W,43,15,21,0,0,1,2
652,864,876,W,290,32,67,0,0,1,2
652,876,864,L,290,31,48,1,1,0,110
653,864,912,L,459,24,57,0,2,1,53
653,912,864,W,459,41,61,2,4,0,217
654,864,673,W,104,11,22,0,1,1,46
654,673,864,L,104,9,18,0,0,0,13
655,864,910,L,817,129,291,1,4,0,109
655,910,864,W,817,130,237,0,0,1,25
656,864,197,D,900,150,312,0,1,0,47
656,197,864,D,900,112,230,0,5,0,50
657,864,853,L,900,76,180,0,2,0,132
657,853,864,W,900,92,154,3,6,0,167
658,864,324,W,900,64,116,1,3,0,290
658,324,864,L,900,65,112,1,2,0,194
659,864,913,L,706,110,247,0,2,0,89
659,913,864,W,706,63,139,1,2,0,89
660,864,914,L,38,2,7,0,0,0,0
660,914,864,W,38,8,10,0,0,1,0
661,864,915,L,900,16,53,0,3,0,60
661,915,864,W,900,68,127,7,9,0,554
662,864,916,L,543,34,61,0,2,0,0
662,916,864,W,543,46,74,2,2,0,341
663,809,864,W,102,19,30,0,0,0,17
663,864,809,L,102,9,23,0,0,0,0
664,214,215,L,900,69,130,0,1,0,5
664,215,214,W,900,72,148,2,8,0,380
665,214,64,L,900,39,77,1,3,0,135
665,64,214,W,900,40,177,1,7,0,289
666,214,856,L,900,51,160,0,2,0,7
666,856,214,W,900,77,187,5,10,0,206
667,214,216,NC,550,74,137,1,1,1,105
667,216,214,NC,550,37,84,0,1,0,7
668,214,217,W,896,141,275,0,1,1,360
668,217,214,L,896,108,219,0,3,0,123
669,214,141,W,900,118,289,0,0,0,31
669,141,214,L,900,85,217,2,5,0,32
670,214,852,L,16,2,2,0,0,0,0
670,852,214,W,16,11,11,0,0,1,4
671,214,218,W,156,13,17,0,0,0,3
671,218,214,L,156,12,13,2,4,0,92
672,214,857,L,703,25,53,0,0,0,25
672,857,214,W,703,39,60,8,14,0,525
673,214,219,W,552,109,222,0,0,0,89
673,219,214,L,552,82,171,0,1,0,0
674,214,113,W,900,95,192,0,0,1,40
674,113,214,L,900,83,169,1,11,0,198
675,214,858,L,900,122,243,0,0,0,0
675,858,214,W,900,140,258,0,0,0,0
676,214,860,L,85,0,5,0,0,0,0
676,860,214,W,85,8,10,0,0,1,1
677,214,859,L,268,7,11,0,0,0,0
677,859,214,W,268,13,20,0,0,1,234
678,214,66,W,87,14,24,0,0,1,18
678,66,214,L,87,6,12,0,1,0,0
679,214,855,L,900,39,77,2,2,0,270
679,855,214,W,900,93,142,0,1,0,57
680,517,518,NC,900,76,130,2,3,0,0
680,518,517,NC,900,52,180,0,0,0,0
681,517,848,W,94,14,22,0,0,1,2
681,848,517,L,94,9,20,0,0,0,0
682,517,849,W,44,8,10,0,0,3,8
682,849,517,L,44,6,13,0,2,0,0
683,517,503,L,466,37,78,0,0,0,90
683,503,517,W,466,14,48,1,2,0,49
684,517,516,L,209,3,6,0,0,0,0
684,516,517,W,209,2,8,8,10,0,181
685,517,850,W,201,32,55,0,0,1,3
685,850,517,L,201,35,67,0,2,0,0
686,517,63,W,106,22,37,0,0,2,57
686,63,517,L,106,3,11,0,1,0,0
687,517,293,L,469,30,65,0,1,0,13
687,293,517,W,469,34,55,3,6,0,159
688,517,852,W,256,44,72,1,1,0,96
688,852,517,L,256,29,57,0,2,0,9
689,517,853,L,61,1,4,0,0,0,0
689,853,517,W,61,11,15,0,0,0,18
690,517,854,L,94,8,18,0,0,0,31
690,854,517,W,94,8,17,0,0,0,16
691,517,855,L,900,77,146,3,7,0,179
691,855,517,W,900,97,178,0,0,0,0
692,517,3,W,169,34,57,0,0,1,18
692,3,517,L,169,3,26,0,0,0,0
693,517,460,W,183,23,51,0,0,1,22
693,460,517,L,183,3,16,0,3,0,0
694,517,214,W,900,140,221,1,3,0,31
694,214,517,L,900,77,201,0,0,0,2
695,893,894,W,660,78,106,3,4,0,388
695,894,893,L,660,17,35,0,0,0,2
696,893,895,W,299,15,23,0,0,1,48
696,895,893,L,299,3,10,0,6,0,104
697,893,268,L,900,45,108,0,0,0,26
697,268,893,W,900,56,95,2,15,0,321
698,82,83,W,409,2,8,3,5,0,206
698,83,82,L,409,7,8,1,2,0,134
699,82,84,W,177,30,51,2,2,0,168
699,84,82,L,177,0,0,0,0,0,0
700,82,85,W,275,18,34,1,2,0,249
700,85,82,L,275,0,0,0,0,0,0
701,82,86,W,267,17,24,3,3,0,254
701,86,82,L,267,1,1,0,0,0,0
702,82,87,W,476,45,57,3,5,0,448
702,87,82,L,476,1,1,0,0,0,0
703,82,88,W,223,4,7,1,2,0,189
703,88,82,L,223,0,2,0,0,0,0
704,82,268,L,336,1,3,9,13,0,279
704,268,82,W,336,16,25,0,0,0,9
705,82,89,W,147,1,2,1,2,0,127
705,89,82,L,147,1,1,0,0,0,0
706,82,613,W,293,23,31,1,1,0,118
706,613,82,L,293,15,28,1,1,0,128
707,82,628,L,900,9,10,7,9,0,647
707,628,82,W,900,24,27,0,0,0,177
708,893,82,W,900,43,93,0,0,0,395
708,82,893,L,900,31,67,0,8,0,84
709,896,897,W,531,30,50,1,3,1,232
709,897,896,L,531,9,15,1,1,0,209
710,896,898,W,900,65,147,2,2,1,147
710,898,896,L,900,26,105,1,2,0,57
711,896,899,W,228,31,43,0,0,0,136
711,899,896,L,228,13,25,0,0,0,0
712,896,900,W,900,44,108,1,2,0,118
712,900,896,L,900,23,89,0,1,0,0
713,896,901,L,1499,31,91,1,5,0,62
713,901,896,W,1499,66,121,14,22,0,823
714,896,902,W,900,78,224,0,5,0,20
714,902,896,L,900,63,191,0,3,0,24
715,896,903,W,900,72,145,6,8,2,347
715,903,896,L,900,40,101,0,5,0,24
716,896,904,W,900,55,92,4,9,0,272
716,904,896,L,900,36,84,2,6,0,170
717,896,905,W,738,49,77,0,1,2,334
717,905,896,L,738,6,27,1,2,0,85
718,28,29,W,282,12,28,1,1,0,141
718,29,28,L,282,3,16,0,0,0,22
719,28,30,W,900,68,169,2,3,0,218
719,30,28,L,900,59,132,1,3,0,27
720,28,31,W,274,12,18,2,4,0,156
720,31,28,L,274,11,15,0,0,0,0
721,28,906,W,733,37,81,1,4,2,354
721,906,28,L,733,17,71,0,0,0,0
722,28,32,W,1500,43,145,1,9,0,370
722,32,28,L,1500,99,283,2,2,0,58
723,28,574,L,1500,63,235,1,4,0,9
723,574,28,W,1500,132,217,0,1,0,0
724,896,28,W,900,73,136,0,2,0,62
724,28,896,L,900,16,67,0,7,0,230
725,820,907,W,182,29,59,0,0,1,0
725,907,820,L,182,7,18,0,1,0,4
726,820,472,W,881,67,144,2,4,1,97
726,472,820,L,881,45,86,3,4,0,268
727,820,474,W,900,96,237,1,1,0,16
727,474,820,L,900,42,96,2,11,0,31
728,820,650,W,900,96,232,1,4,1,140
728,650,820,L,900,49,151,0,5,0,9
729,232,567,L,211,9,30,1,1,0,54
729,567,232,W,211,17,54,1,2,1,58
730,232,233,W,900,129,248,0,2,0,55
730,233,232,L,900,95,200,2,5,0,98
731,232,847,W,401,18,67,0,0,1,4
731,847,232,L,401,13,44,0,0,0,0
732,232,210,L,347,21,42,0,0,0,9
732,210,232,W,347,23,40,0,3,1,86
733,232,146,W,900,72,125,4,6,0,390
733,146,232,L,900,42,107,2,5,0,105
734,232,234,W,147,6,17,2,2,0,88
734,234,232,L,147,2,3,0,0,0,0
735,232,235,W,294,44,67,1,1,0,156
735,235,232,L,294,17,25,0,0,0,0
736,232,236,W,198,3,4,3,4,0,156
736,236,232,L,198,2,5,1,1,0,16
737,232,261,W,900,79,137,2,10,0,242
737,261,232,L,900,90,174,4,7,0,180
738,232,474,W,900,112,270,0,3,0,14
738,474,232,L,900,45,108,2,13,0,180
739,232,805,W,900,49,142,0,10,0,435
739,805,232,L,900,51,117,0,0,0,0
740,232,830,W,900,173,302,0,0,0,0
740,830,232,L,900,122,304,0,1,0,0
741,232,820,W,586,15,27,5,7,0,347
741,820,232,L,586,12,21,0,1,0,99
742,920,184,L,900,168,294,0,4,0,195
742,184,920,W,900,184,405,1,2,0,41
743,920,837,L,900,169,323,2,4,0,64
743,837,920,W,900,119,234,2,8,0,160
744,920,921,W,100,17,43,0,0,1,2
744,921,920,L,100,14,41,0,0,0,0
745,920,398,W,690,109,225,0,0,1,78
745,398,920,L,690,32,101,1,8,0,60
746,917,918,W,837,54,85,4,4,0,580
746,918,917,L,837,30,48,0,0,0,76
747,917,834,L,900,30,79,0,3,0,79
747,834,917,W,900,62,77,4,4,0,356
748,917,919,L,221,24,75,0,2,0,29
748,919,917,W,221,63,105,0,0,0,26
749,917,419,W,900,22,55,3,9,0,490
749,419,917,L,900,25,53,1,5,0,167
750,920,917,W,900,79,185,0,0,0,67
750,917,920,L,900,36,122,2,13,0,218
751,927,928,W,900,125,188,2,6,0,346
751,928,927,L,900,59,120,1,3,0,92
752,927,368,W,174,9,12,1,1,0,81
752,368,927,L,174,3,10,0,0,0,0
753,927,929,W,221,1,1,0,0,0,176
753,929,927,L,221,0,1,0,1,0,16
754,679,922,W,255,4,8,1,1,0,239
754,922,679,L,255,2,6,0,0,0,0
755,679,923,W,22,1,1,1,2,0,0
755,923,679,L,22,0,2,0,0,0,0
756,679,794,L,900,21,34,2,7,0,126
756,794,679,W,900,20,33,4,4,0,601
757,679,924,W,425,9,20,1,6,0,168
757,924,679,L,425,13,34,1,1,0,74
758,679,925,W,900,69,105,0,3,0,317
758,925,679,L,900,41,90,1,4,0,122
759,679,926,W,147,17,35,0,2,1,46
759,926,679,L,147,7,28,0,0,0,0
760,679,554,L,178,3,4,0,2,0,59
760,554,679,W,178,1,3,0,0,0,57
761,679,206,W,99,1,1,3,4,0,87
761,206,679,L,99,0,1,0,0,0,0
762,679,927,W,900,17,45,4,8,0,477
762,927,679,L,900,13,42,0,0,0,137
763,930,931,W,68,11,14,0,1,1,0
763,931,930,L,68,6,17,0,0,0,0
764,913,932,W,616,84,124,0,0,1,0
764,932,913,L,616,65,124,1,2,1,0
765,913,933,L,900,42,86,2,6,0,343
765,933,913,W,900,70,152,2,2,2,193
766,913,934,W,561,46,93,0,0,1,14
766,934,913,L,561,22,52,2,6,0,394
767,913,935,W,435,8,17,0,0,1,1
767,935,913,L,435,8,22,4,7,0,311
768,913,936,L,900,34,64,1,2,0,278
768,936,913,W,900,29,65,0,3,0,271
769,913,937,L,900,34,104,0,1,0,110
769,937,913,W,900,66,164,1,1,0,184
770,913,287,W,843,85,166,0,0,1,10
770,287,913,L,843,65,106,3,7,1,313
771,913,742,L,900,4,7,0,0,0,7
771,742,913,W,900,36,42,4,4,0,790
772,930,913,W,900,66,111,3,9,0,317
772,913,930,L,900,54,111,0,0,0,15
773,302,870,L,723,45,123,0,0,0,13
773,870,302,W,723,74,167,0,1,0,32
774,302,303,W,153,1,2,2,2,0,132
774,303,302,L,153,1,1,0,0,0,0
775,302,300,L,900,32,62,1,3,0,30
775,300,302,W,900,54,91,5,11,1,657
776,302,304,W,122,0,1,1,1,0,93
776,304,302,L,122,0,2,0,0,0,0
777,302,915,L,900,3,6,1,8,0,224
777,915,302,W,900,43,52,5,6,0,613
778,302,305,W,175,31,56,0,0,1,3
778,305,302,L,175,28,41,0,0,0,0
779,302,942,W,196,1,1,2,3,0,102
779,942,302,L,196,1,3,0,1,0,59
780,302,811,W,444,21,35,0,1,0,37
780,811,302,L,444,5,16,3,6,0,203
781,812,122,W,900,47,126,3,4,0,0
781,122,812,L,900,36,65,0,0,0,0
782,812,216,W,197,26,44,1,1,2,74
782,216,812,L,197,8,17,0,0,0,18
783,812,938,W,288,30,66,0,1,2,38
783,938,812,L,288,22,57,0,0,0,4
784,812,59,L,900,66,149,0,0,0,21
784,59,812,W,900,94,211,0,1,0,0
785,812,331,L,900,45,63,0,0,0,97
785,331,812,W,900,29,45,11,16,0,525
786,812,141,W,328,17,35,0,1,1,4
786,141,812,L,328,11,22,2,2,0,99
787,812,939,L,499,39,107,0,3,0,6
787,939,812,W,499,82,128,1,1,0,10
788,812,859,L,550,31,73,0,0,0,0
788,859,812,W,550,64,123,4,7,1,132
789,812,940,W,900,144,175,5,6,0,658
789,940,812,L,900,7,12,0,2,0,47
790,812,941,W,31,13,17,0,0,1,4
790,941,812,L,31,2,3,0,0,0,0
791,812,302,W,900,40,92,3,4,0,300
791,302,812,L,900,38,67,3,11,0,228
792,943,824,W,900,40,77,0,0,0,132
792,824,943,L,900,18,42,5,8,0,522
793,943,826,W,486,36,51,0,0,1,30
793,826,943,L,486,11,24,1,4,0,320
794,943,426,L,900,54,114,1,9,0,236
794,426,943,W,900,54,154,0,0,0,69
795,943,944,W,472,8,12,0,0,0,93
795,944,943,L,472,3,7,1,2,0,264
796,943,945,L,900,27,47,0,0,0,0
796,945,943,W,900,33,58,2,3,0,675
797,824,345,W,900,88,178,0,3,0,69
797,345,824,L,900,58,129,1,2,0,229
798,824,945,L,900,38,59,1,3,0,2
798,945,824,W,900,57,84,4,6,0,673
799,824,946,L,900,30,48,0,0,0,98
799,946,824,W,900,18,27,5,11,0,700
800,824,947,W,900,164,268,0,3,0,52
800,947,824,L,900,63,109,1,11,0,62
801,824,396,W,900,101,234,1,3,0,121
801,396,824,L,900,78,193,0,0,0,19
802,824,36,W,900,56,114,0,1,0,29
802,36,824,L,900,39,98,2,7,0,449
803,824,948,L,900,27,64,0,0,0,311
803,948,824,W,900,42,62,6,11,1,258
804,824,949,W,873,81,134,4,7,0,270
804,949,824,L,873,34,69,0,1,0,155
805,824,437,W,151,30,42,1,1,0,49
805,437,824,L,151,10,23,0,0,0,0
806,824,943,W,464,19,30,2,4,0,273
806,943,824,L,464,20,35,0,0,0,23
807,952,953,W,900,105,206,0,2,0,9
807,953,952,L,900,64,153,10,20,0,333
808,952,492,L,404,12,34,1,4,0,137
808,492,952,W,404,18,43,0,0,1,7
809,952,10,L,900,65,186,0,5,0,21
809,10,952,W,900,85,235,1,5,0,38
810,951,906,W,647,42,95,2,2,0,198
810,906,951,L,647,12,56,1,4,0,84
811,951,952,W,900,79,175,1,4,0,102
811,952,951,L,900,50,150,1,3,0,81
812,462,571,L,484,28,56,0,1,0,64
812,571,562,W,484,29,63,2,5,0,218
813,492,954,W,279,20,42,1,1,0,0
813,954,492,L,279,15,27,1,4,0,0
814,492,234,L,169,9,14,0,0,0,4
814,234,492,W,169,7,12,1,2,0,118
815,492,955,W,26,5,6,0,0,1,2
815,955,492,L,26,2,3,0,0,0,0
816,492,956,L,284,18,38,0,0,0,0
816,956,492,W,284,19,29,0,0,1,2
817,492,77,W,900,79,194,1,7,0,26
817,77,492,L,900,93,165,0,0,0,161
818,492,957,W,61,7,15,0,0,1,3
818,957,492,L,61,7,13,0,0,0,0
819,492,958,L,179,15,41,0,0,0,0
819,958,492,W,179,13,25,0,0,1,3
820,492,76,L,491,4,18,0,0,0,21
820,76,492,W,491,26,40,2,5,0,324
821,492,959,L,267,0,5,0,0,0,4
821,959,492,W,267,21,35,1,1,0,201
822,492,960,L,900,37,68,1,3,1,67
822,960,492,W,900,35,69,1,2,0,554
823,492,961,L,900,35,74,1,2,0,69
823,961,492,W,900,20,53,3,10,0,287
824,962,492,W,900,30,75,5,15,0,370
824,492,962,L,900,32,90,0,1,0,58
825,852,56,W,695,65,77,0,1,1,409
825,56,852,L,695,13,46,1,4,0,44
826,852,938,W,288,14,17,0,0,1,50
826,938,852,L,288,5,7,2,7,0,193
827,852,963,L,387,44,65,0,0,0,100
827,963,852,W,387,48,90,1,3,1,74
828,852,339,L,900,40,99,0,0,0,0
828,339,852,W,900,45,123,2,3,0,242
829,852,872,W,900,64,98,0,2,0,53
829,872,852,L,900,30,93,0,7,0,401
830,852,325,W,900,105,148,0,0,0,556
830,325,852,L,900,20,50,2,8,0,149
831,852,784,W,439,46,87,0,0,1,10
831,784,852,L,439,17,49,1,5,0,74
832,852,937,L,69,5,10,0,0,0,0
832,937,852,W,69,3,7,1,1,0,29
833,878,964,L,900,107,246,1,4,0,13
833,964,878,W,900,109,222,2,19,0,194
834,878,965,L,42,5,9,0,0,0,0
834,965,878,W,42,3,9,0,0,1,0
835,878,852,W,900,115,276,0,5,0,140
835,852,878,L,900,120,205,0,2,0,6
836,853,966,W,107,6,11,0,0,1,2
836,966,853,L,107,2,4,0,0,0,0
837,853,967,L,900,32,75,2,5,0,183
837,967,853,W,900,64,125,0,6,0,344
838,853,453,L,789,53,91,2,2,1,50
838,453,853,W,789,25,64,0,6,0,10
839,853,968,W,879,88,153,1,1,0,11
839,968,853,L,879,23,90,0,0,0,8
840,853,871,W,900,44,79,2,2,0,81
840,871,853,L,900,55,127,0,0,0,36
841,853,340,W,900,107,202,1,4,0,44
841,340,853,L,900,45,135,0,0,0,45
842,853,875,W,900,110,116,0,0,0,1
842,875,853,L,900,105,220,1,4,0,18
843,853,748,W,66,6,18,0,0,1,4
843,748,853,L,66,0,1,0,0,0,0
844,853,95,W,54,6,10,0,0,0,9
844,95,853,L,54,2,3,0,0,0,0
845,853,857,L,1342,24,53,0,1,0,56
845,857,853,W,1342,152,212,10,29,0,942
846,853,969,L,900,73,168,0,0,0,24
846,969,853,W,900,78,134,1,4,0,61
847,853,970,L,43,2,4,0,0,0,0
847,970,853,W,43,5,8,0,0,1,7
848,751,971,W,74,8,13,0,0,0,0
848,971,751,L,74,11,16,1,1,0,24
849,751,219,W,20,6,9,0,0,1,3
849,219,751,L,20,1,1,0,0,0,0
850,751,557,W,900,75,129,5,9,0,357
850,557,751,L,900,32,74,1,2,0,72
851,751,238,L,184,13,24,0,0,0,0
851,238,751,W,184,21,26,1,2,0,134
852,751,938,W,900,50,108,2,3,0,79
852,938,751,L,900,35,65,4,13,0,330
853,751,3,NC,51,2,7,0,0,0,0
853,3,751,NC,51,3,10,0,0,0,0
854,751,972,W,398,32,42,3,3,0,144
854,972,751,L,398,56,73,0,0,0,143
855,853,751,W,900,63,152,2,2,0,48
855,751,853,L,900,74,148,1,3,0,47
856,916,986,W,475,55,72,7,8,0,363
856,986,916,L,475,11,24,0,0,0,0
857,916,740,W,73,12,23,0,0,1,13
857,740,916,L,73,7,14,0,0,0,0
858,742,985,W,900,54,104,2,6,0,366
858,985,742,L,900,50,117,1,2,0,54
859,916,1088,W,181,33,47,2,2,0,21
859,1088,916,L,181,7,14,0,2,0,1
860,615,627,W,123,13,28,0,0,1,8
860,627,615,L,123,4,9,0,0,0,78
861,613,502,L,50,1,3,0,0,0,0
861,502,613,W,50,17,28,0,0,1,5
862,613,627,L,900,26,83,0,1,0,0
862,627,613,W,900,43,106,2,8,0,203
863,613,987,W,900,73,149,3,7,0,292
863,987,613,L,900,44,121,0,0,0,0
864,613,609,W,572,51,72,3,3,0,509
864,609,613,L,572,13,24,0,0,0,0
865,613,273,W,900,71,136,0,0,0,291
865,273,613,L,900,59,121,1,2,0,211
866,613,155,L,150,0,11,0,2,0,0
866,155,613,W,150,16,26,0,0,1,3
867,613,782,W,136,14,27,3,7,0,81
867,782,613,L,136,7,12,0,0,0,0
868,613,783,W,422,33,49,6,8,0,397
868,783,613,L,422,8,23,0,0,0,23
869,613,631,L,524,11,44,0,1,0,2
869,631,613,W,524,109,156,0,0,0,9
870,613,627,W,104,3,5,1,1,0,34
870,627,613,L,104,0,4,0,0,0,43
871,613,615,W,900,67,149,1,4,0,180
871,615,613,L,900,61,172,0,0,0,12
872,912,973,W,106,13,21,0,0,1,0
872,973,912,L,106,2,7,1,3,0,0
873,912,322,W,168,14,31,0,0,0,67
873,322,912,L,168,7,29,0,0,0,0
874,912,974,W,383,59,102,0,0,2,8
874,974,912,L,383,25,57,0,2,0,12
875,912,975,W,900,71,190,0,0,2,56
875,975,912,L,900,63,204,0,7,0,22
876,912,976,W,90,15,23,0,0,1,2
876,976,912,L,90,5,10,0,0,0,0
877,912,977,L,1500,85,179,0,0,0,226
877,977,912,W,1500,171,406,0,0,0,0
878,912,936,L,900,35,73,1,2,0,230
878,936,912,W,900,55,174,2,10,0,103
879,912,875,W,900,85,161,0,0,0,3
879,875,912,L,900,91,229,1,4,0,23
880,912,910,W,721,121,211,1,3,2,47
880,910,912,L,721,97,203,0,0,0,0
881,912,978,L,857,69,145,0,0,0,72
881,978,912,W,857,113,179,0,4,0,223
882,912,979,L,900,46,89,0,0,0,225
882,979,912,W,900,67,135,0,0,0,12
883,912,776,W,90,18,30,1,1,1,27
883,776,912,L,90,4,13,0,0,0,0
884,912,980,L,299,25,49,0,1,0,15
884,980,912,W,299,32,60,0,0,1,0
885,941,981,W,132,32,36,0,0,2,32
885,981,941,L,132,2,12,0,0,0,0
886,941,982,W,100,45,63,0,0,1,56
886,982,941,L,100,0,3,0,2,0,11
887,941,763,L,241,6,11,0,0,0,0
887,763,941,W,241,25,47,1,1,0,144
888,941,457,W,485,47,86,0,0,1,2
888,457,941,L,485,33,85,0,0,0,0
889,941,874,W,756,69,128,1,1,1,22
889,874,941,L,756,52,120,0,2,1,73
890,941,983,L,552,14,27,0,0,0,2
890,983,941,W,552,8,20,7,10,0,446
891,941,876,W,129,7,12,0,1,1,4
891,876,941,L,129,7,17,0,3,0,78
892,941,984,W,63,5,9,0,0,1,1
892,984,941,L,63,5,10,0,0,1,2
893,941,965,W,63,8,13,0,0,1,5
893,965,941,L,63,2,5,0,0,0,0
894,941,912,W,79,10,19,0,0,1,0
894,912,941,L,79,3,10,0,0,0,0
895,798,994,W,803,54,121,4,6,1,0
895,994,798,L,803,21,62,4,8,0,0
896,798,651,L,900,35,113,1,13,0,76
896,651,798,W,900,72,201,0,0,0,44
897,798,995,W,50,25,27,1,1,0,32
897,995,798,L,50,0,1,0,0,0,0
898,798,996,W,900,56,107,3,7,0,405
898,996,798,L,900,56,107,0,2,0,239
899,798,997,W,77,10,17,1,1,1,30
899,997,798,L,77,4,7,0,0,0,0
900,798,998,W,900,71,125,1,4,1,247
900,998,798,L,900,33,104,1,1,0,129
901,798,999,W,900,43,88,1,2,0,53
901,999,798,L,900,17,60,3,10,0,392
902,798,188,W,900,79,164,1,4,0,126
902,188,798,L,900,80,144,0,0,1,115
903,798,599,L,1500,84,218,0,9,0,3
903,599,798,W,1500,105,260,1,1,0,66
904,798,796,W,22,1,4,0,0,1,1
904,796,798,L,22,1,1,0,0,0,0
905,798,806,L,1500,80,168,0,4,0,113
905,806,798,W,1500,92,166,3,5,0,610
906,798,537,L,900,70,168,1,4,0,21
906,537,798,W,900,60,165,0,0,1,47
907,798,601,L,900,42,106,0,0,0,10
907,601,798,W,900,68,129,9,16,0,407
908,798,552,W,553,34,74,1,1,1,18
908,552,798,L,553,36,100,0,1,0,1
909,798,1000,W,900,88,184,0,0,1,41
909,1000,798,L,900,74,195,0,4,0,26
910,798,605,L,900,18,55,0,0,0,131
910,605,798,W,900,23,40,5,15,0,453
911,798,535,W,163,11,19,0,0,1,1
911,535,798,L,163,8,33,0,0,0,0
912,798,1001,L,900,46,106,1,3,1,287
912,1001,798,W,900,52,100,3,5,0,137
913,798,1002,W,673,44,107,0,2,0,33
913,1002,798,L,673,51,115,0,1,0,10
914,798,1003,L,900,47,124,0,0,0,8
914,1003,798,W,900,55,97,5,9,0,164
915,988,539,L,900,23,50,0,0,0,2
915,539,988,W,900,22,33,4,7,0,331
916,988,989,W,900,100,220,3,8,0,164
916,989,988,L,900,39,139,0,0,0,0
917,988,990,L,361,6,10,2,10,0,281
917,990,988,W,361,29,49,0,0,1,46
918,988,991,W,710,16,35,2,2,0,180
918,991,988,L,710,6,8,4,10,0,386
919,988,535,W,270,27,56,0,1,0,0
919,535,988,L,270,7,24,1,1,0,24
920,988,992,W,900,65,105,1,2,0,293
920,992,988,L,900,64,98,6,15,0,408
921,988,993,W,900,102,204,2,3,0,23
921,993,988,L,900,69,173,3,10,0,214
922,988,439,W,74,4,9,0,0,1,2
922,439,988,L,74,2,4,0,0,0,0
923,988,798,W,296,19,40,1,1,1,32
923,798,988,L,296,7,11,1,3,0,91
924,857,218,NC,40,10,14,0,0,1,0
924,218,857,NC,40,2,7,0,0,0,0
925,857,115,L,367,17,35,0,0,0,37
925,115,857,W,367,16,32,1,7,0,160
926,857,856,W,579,59,110,6,9,0,273
926,856,857,L,579,81,148,0,0,0,16
927,857,854,L,39,0,3,0,0,0,0
927,854,857,W,39,14,18,0,0,1,4
928,857,750,W,413,32,50,0,0,0,85
928,750,857,L,413,9,26,4,10,0,240
929,857,1004,W,900,48,71,8,11,0,645
929,1004,857,L,900,31,54,1,1,0,157
930,857,1005,W,661,63,88,6,15,0,431
930,1005,857,L,661,30,51,1,1,0,41
931,857,939,W,503,34,77,3,14,0,246
931,939,857,L,503,35,57,0,0,0,0
932,857,59,W,900,30,42,4,8,0,622
932,59,857,L,900,14,26,0,1,0,178
933,857,1006,W,1065,91,152,9,11,0,468
933,1006,857,L,1065,36,107,0,1,0,45
934,1007,1008,W,273,20,35,1,2,0,154
934,1008,1007,L,273,4,10,1,1,0,26
935,1007,1009,W,900,48,161,1,3,0,41
935,1009,1007,L,900,44,187,0,1,0,28
936,1007,875,L,900,44,167,2,4,0,83
936,875,1007,W,900,50,162,1,3,0,28
937,1007,1010,W,900,71,169,3,3,1,329
937,1010,1007,L,900,39,82,0,3,0,18
938,1007,1011,W,865,84,173,1,2,1,168
938,1011,1007,L,865,23,67,3,7,0,211
939,1007,61,W,900,73,207,0,2,0,18
939,61,1007,L,900,62,153,0,3,0,12
940,1007,1012,L,900,27,103,0,0,0,0
940,1012,1007,W,900,90,171,2,8,1,488
941,1007,300,W,900,78,254,3,3,0,162
941,300,1007,L,900,62,260,0,11,0,101
942,1007,984,L,220,14,36,0,0,0,0
942,984,1007,W,220,15,58,0,1,1,7
943,1007,1013,W,490,65,177,0,0,1,37
943,1013,1007,L,490,48,95,0,0,0,0
944,1007,1014,W,900,106,227,0,0,0,0
944,1014,1007,L,900,48,252,0,0,0,0
945,1007,59,W,392,94,161,1,1,1,94
945,59,1007,L,392,51,90,0,0,0,0
946,1007,64,W,900,84,182,0,0,0,0
946,64,1007,L,900,37,196,0,1,0,0
947,1007,1015,W,1500,186,428,4,6,0,422
947,1015,1007,L,1500,107,258,0,0,0,0
948,1007,1016,W,1500,153,330,0,0,0,0
948,1016,1007,L,1500,137,353,0,8,0,31
949,1007,1017,L,156,15,29,0,0,0,0
949,1017,1007,W,156,25,40,0,0,1,3
950,1007,409,L,1500,152,400,1,1,0,48
950,409,1007,W,1500,141,310,0,0,0,0
951,1007,1018,W,1500,182,405,1,1,0,252
951,1018,1007,L,1500,123,269,0,1,0,12
952,1007,969,W,560,81,188,0,0,1,10
952,969,1007,L,560,47,101,1,2,0,23
953,1007,5,W,1500,137,259,0,0,1,14
953,5,1007,L,1500,94,271,0,0,0,0
954,1007,1019,L,1500,173,408,0,0,0,0
954,1019,1007,W,1500,137,354,6,11,0,128
955,1007,1020,W,1500,182,402,0,0,0,1
955,1020,1007,L,1500,158,266,0,0,0,0
956,1007,1019,L,1500,128,263,0,0,0,0
956,1019,1007,W,1500,147,314,1,2,0,5
957,1007,857,W,743,110,241,0,0,1,18
957,857,1007,L,743,55,122,0,1,0,32
958,1021,1022,L,900,197,491,0,1,0,0
958,1022,1021,W,900,204,317,2,3,1,46
959,1021,1023,L,900,88,234,0,0,0,9
959,1023,1021,W,900,140,268,3,4,0,282
960,1024,1025,W,168,15,40,0,1,2,47
960,1025,1024,L,168,12,24,0,1,0,7
,,,,,,,,,,
,,,,,,,,,,
962,1026,4,L,535,46,101,2,8,0,78
962,4,1026,W,535,48,90,0,0,0,161
963,1026,1027,W,111,12,35,2,2,1,50
963,1027,1026,L,111,3,9,0,0,0,7
964,1028,1029,W,106,17,34,0,0,1,2
964,1029,1028,L,106,13,24,0,0,0,9
,,,,,,,,,,
966,1030,368,W,900,110,232,6,10,0,349
966,368,1030,L,900,74,181,0,0,0,7
967,1030,1031,W,374,23,81,1,3,1,167
967,1031,1030,L,374,31,47,0,0,0,0
968,1030,1032,L,900,15,132,2,5,0,260
968,1032,1030,W,900,27,79,0,0,0,17
969,1030,929,L,288,2,7,0,0,0,0
969,929,1030,W,288,35,53,1,1,0,258
970,1030,366,W,900,57,150,1,6,1,326
970,366,1030,L,900,66,145,0,1,0,8
971,1030,729,L,900,39,143,3,5,0,155
971,729,1030,W,900,58,129,0,1,0,2
972,1033,1034,W,92,12,17,1,1,0,85
972,1034,1033,L,92,0,2,0,0,0,0
973,1033,1035,L,721,21,29,3,4,0,155
973,1035,1033,W,721,24,38,2,7,0,583
974,1033,730,L,44,0,1,0,0,0,13
974,730,1033,W,44,1,2,1,1,0,11
,,,,,,,,,,
,,,,,,,,,,
976,184,182,L,900,53,156,1,1,0,205
976,182,184,W,900,39,71,2,2,0,231
977,184,398,W,900,95,226,0,0,0,93
977,398,184,L,900,67,166,3,14,0,214
978,1036,1037,L,900,64,160,1,4,1,382
978,1037,1036,W,900,85,166,0,2,0,0
,,,,,,,,,,
,,,,,,,,,,
980,1038,1039,W,152,21,45,0,0,1,3
980,1039,1038,L,152,2,9,0,0,0,30
981,816,309,L,900,27,97,0,0,0,0
981,309,816,W,900,35,95,3,6,0,44
982,816,1040,W,900,39,131,0,1,1,76
982,1040,816,L,900,30,137,0,5,0,16
983,816,1041,W,753,72,158,1,1,1,9
983,1041,816,L,753,67,144,0,1,0,2
984,816,575,L,576,28,93,2,2,0,10
984,575,816,W,576,70,144,2,4,0,128
985,816,577,W,900,92,232,1,3,0,35
985,577,816,L,900,72,191,0,0,0,1
986,816,578,L,600,28,77,0,1,0,0
986,578,816,W,600,76,118,3,4,0,215
987,816,1042,W,900,74,163,0,0,0,28
987,1042,816,L,900,58,158,2,9,0,199
988,816,1001,L,900,39,108,1,2,0,81
988,1001,816,W,900,48,115,1,4,0,111
989,816,1043,W,124,10,15,0,0,1,20
989,1043,816,L,124,5,6,0,0,0,0
990,816,565,W,504,37,64,0,1,3,55
990,565,816,L,504,32,65,1,5,1,150
991,816,262,W,900,61,178,0,1,0,0
991,262,816,L,900,54,139,1,5,1,119
992,816,847,L,900,36,119,0,1,0,7
992,847,816,W,900,50,96,0,3,0,5
,,,,,,,,,,
,,,,,,,,,,
994,641,236,L,127,11,30,0,0,0,0
994,236,941,W,127,28,44,0,0,0,1
995,641,1044,L,157,6,27,0,1,0,0
995,1044,641,W,157,25,39,0,0,1,8
996,1045,1046,W,900,76,181,1,1,1,35
996,1046,1045,L,900,78,195,0,6,0,7
997,1045,208,W,195,19,47,0,0,0,2
997,208,1045,L,195,6,27,0,0,0,0
998,1045,376,L,145,13,29,0,0,0,0
998,376,1045,W,145,22,37,1,1,1,40
999,1045,205,L,724,29,82,2,7,0,193
999,205,1045,W,724,43,74,2,12,0,62
,,,,,,,,,,
,,,,,,,,,,
1001,443,444,W,431,24,50,0,6,1,331
1001,444,443,L,431,19,39,0,2,0,13
1002,443,395,W,109,25,49,0,0,1,28
1002,395,443,L,109,14,25,0,0,0,0
1003,443,130,W,342,43,66,0,0,0,197
1003,130,443,L,342,9,11,1,3,0,226
1004,443,347,L,900,36,47,0,3,0,339
1004,347,443,W,900,21,39,2,4,0,465
1005,443,445,W,900,86,166,3,8,0,513
1005,445,443,L,900,40,71,0,1,0,22
1006,443,129,W,900,51,128,1,1,0,228
1006,129,443,L,900,30,63,2,4,0,135
1007,443,668,L,487,26,86,1,2,0,78
1007,668,443,W,487,45,79,0,0,0,69
1008,443,1047,W,900,32,89,6,12,0,454
1008,1047,443,L,900,38,75,0,0,0,26
1009,443,33,L,841,39,94,3,8,0,208
1009,33,443,W,841,37,71,0,0,1,60
1010,443,444,W,234,4,10,2,2,0,148
1010,444,443,L,234,2,6,1,2,0,52
1011,443,341,W,418,50,85,1,1,0,208
1011,341,443,L,418,46,59,0,4,0,79
1012,443,656,L,900,22,43,0,4,0,33
1012,656,443,W,900,28,64,0,1,0,606
1013,443,1048,L,900,54,118,2,3,0,223
1013,1048,443,W,900,65,124,0,1,0,49
1014,948,346,L,594,16,34,1,3,0,93
1014,346,948,W,594,15,22,2,7,0,419
1015,948,1049,W,900,60,104,10,15,0,696
1015,1049,948,L,900,12,47,0,1,0,8
1016,948,36,W,900,42,74,2,8,0,516
1016,36,948,L,900,20,42,0,0,0,249
1017,948,1050,W,232,7,12,2,4,0,102
1017,1050,948,L,232,5,12,1,1,0,39
1018,948,945,W,900,62,131,2,8,0,255
1018,945,948,L,900,53,112,0,0,0,0
,,,,,,,,,,
,,,,,,,,,,
1020,557,1051,L,900,73,156,6,7,0,362
1020,1051,557,W,900,24,91,0,1,0,56
1021,557,938,L,241,9,25,0,0,0,0
1021,938,557,W,241,16,24,2,2,0,126
1022,1052,1053,W,171,32,62,0,0,1,3
1022,1053,1052,L,171,6,29,0,1,0,0
,,,,,,,,,,
1024,291,292,W,900,87,194,0,0,0,67
1024,292,291,L,900,43,96,5,12,0,477
1025,291,496,L,900,75,197,0,3,0,21
1025,496,291,W,900,156,300,2,4,0,63
1026,291,906,L,455,18,56,0,2,0,0
1026,906,291,W,455,46,86,0,2,1,43
1027,291,960,W,900,83,141,0,0,1,2
1027,960,291,L,900,64,151,1,5,0,57
1028,291,497,L,900,16,44,0,5,0,209
1028,497,291,W,900,73,129,0,5,0,17
1029,1054,1055,W,132,20,34,0,0,3,20
1029,1055,1054,L,132,6,15,0,0,0,0
,,,,,,,,,,
,,,,,,,,,,
1031,353,496,L,571,50,91,2,6,0,122
1031,496,353,W,571,83,141,1,1,1,74
1032,353,78,W,124,2,7,0,2,0,11
1032,78,353,L,124,8,14,0,0,0,48
1033,353,494,L,900,26,56,0,1,0,3
1033,494,353,W,900,33,70,5,9,0,642
1034,433,421,L,900,51,125,0,0,0,10
1034,421,433,W,900,79,153,3,6,0,269
1035,433,489,L,900,25,38,0,0,1,25
1035,489,433,W,900,61,78,2,3,0,593
1036,433,434,NC,227,12,20,0,0,0,14
1036,434,433,NC,227,4,14,1,2,0,79
1037,433,434,W,137,9,15,0,0,0,0
1037,434,433,L,137,4,17,1,1,0,41
1038,433,496,L,900,79,189,0,2,0,27
1038,496,433,W,900,118,200,3,3,0,266
1039,433,77,W,150,8,27,0,0,0,16
1039,77,433,L,150,6,13,0,0,0,0
,,,,,,,,,,
,,,,,,,,,,
1041,681,1056,L,295,21,59,1,2,0,0
1041,1056,681,W,295,2,21,0,2,0,0
1042,681,1057,W,825,54,90,1,1,0,274
1042,1057,681,L,825,6,51,4,12,0,338
1043,681,1058,W,230,20,54,0,0,1,0
1043,1058,681,L,230,22,64,0,0,0,0
1044,681,1059,W,900,80,138,3,6,0,150
1044,1059,681,L,900,59,227,2,9,0,185
1045,681,1060,W,900,59,141,0,2,0,53
1045,1060,981,L,900,45,120,0,5,0,19
1046,681,188,L,900,50,123,0,2,0,2
1046,188,681,W,900,54,133,0,0,0,0
1047,681,436,L,173,16,35,0,0,0,0
1047,436,681,W,173,36,66,0,0,2,16
1048,681,346,L,900,75,143,0,6,0,149
1048,346,681,W,900,75,189,0,1,0,0
1049,681,1061,D,900,93,232,1,3,0,130
1049,1061,681,D,900,104,232,4,5,1,68
1050,681,1062,W,900,110,194,1,5,0,196
1050,1062,681,L,900,60,150,1,1,0,197
1051,681,1063,L,900,92,154,1,4,0,221
1051,1063,681,W,900,58,131,0,6,0,55
1052,681,326,L,900,50,115,2,2,0,225
1052,326,681,W,900,31,122,1,2,0,64
1053,681,690,W,900,85,150,2,3,0,71
1053,690,681,L,900,23,65,3,12,0,272
1054,681,1061,W,900,115,195,3,3,1,185
1054,1061,681,L,900,54,127,1,2,0,27
1055,681,540,W,900,61,95,4,6,0,451
1055,540,681,L,900,19,69,1,6,0,103
1056,681,539,L,900,85,177,2,3,0,71
1056,539,681,W,900,42,119,2,3,0,141
1057,681,447,W,145,28,40,0,0,1,15
1057,447,681,L,145,10,30,0,0,0,0
1058,681,765,W,900,188,355,0,1,0,0
1058,765,681,L,900,76,193,0,0,0,0
1059,681,793,L,203,9,13,0,0,0,0
1059,793,681,W,203,14,32,1,2,0,117
1060,681,546,L,465,73,142,0,1,0,11
1060,546,681,W,465,34,121,0,1,1,9
1061,681,680,NC,275,23,69,0,1,0,0
1061,680,681,NC,275,17,53,0,1,0,0
1062,681,200,W,894,137,217,0,0,0,205
1062,200,681,L,894,54,123,0,3,0,17
1063,681,1064,W,33,7,11,0,0,1,5
1063,1064,681,L,33,0,6,0,0,0,0
1064,681,763,L,169,15,26,0,0,0,2
1064,763,681,W,169,33,60,0,0,1,12
1065,681,551,W,900,186,319,1,1,1,54
1065,551,681,L,900,57,144,0,0,0,1
1066,681,1065,W,900,65,141,1,2,0,44
1066,1065,681,L,900,30,72,2,3,0,70
1067,544,90,W,900,115,219,1,2,0,171
1067,90,544,L,900,96,207,0,0,0,24
1068,544,925,L,900,52,178,0,0,0,0
1068,924,544,W,900,71,168,1,9,0,38
1069,544,1061,W,900,78,207,0,1,1,104
1069,1061,544,L,900,51,191,0,3,0,6
1070,544,173,W,506,36,101,0,0,0,17
1070,173,544,L,506,38,82,0,6,0,11
1071,544,764,W,900,120,272,0,0,0,5
1071,764,544,L,900,90,246,0,0,0,25
1072,544,1066,L,900,121,208,0,1,1,15
1072,1066,544,W,900,156,345,0,0,0,0
,,,,,,,,,,
,,,,,,,,,,
1074,1067,1068,W,900,79,161,0,1,0,0
1074,1068,1067,L,900,46,139,0,3,0,25
1075,1067,1069,W,278,27,41,0,1,1,42
1075,1069,1067,L,278,7,24,0,0,0,0
1076,1067,575,W,900,62,155,0,2,0,33
1076,575,1067,L,900,49,158,0,5,0,59
1077,577,569,L,900,25,56,1,1,0,362
1077,569,577,W,900,31,62,1,4,0,346
1078,577,1070,W,435,25,48,0,0,0,6
1078,1070,577,L,435,14,29,1,7,0,306
1079,577,1071,L,900,23,66,1,6,0,84
1079,1071,577,W,900,72,109,1,5,0,517
1080,577,1072,W,900,36,72,1,3,1,164
1080,1072,577,L,900,46,107,0,1,0,168
1081,577,1073,W,830,67,143,0,0,1,4
1081,1073,577,L,830,51,113,2,4,0,212
1082,577,234,W,138,5,15,0,0,0,7
1082,234,577,L,138,8,16,1,3,0,63
1083,577,1074,L,900,49,117,0,0,0,0
1083,1074,577,W,900,77,171,0,0,0,95
1084,577,1075,W,593,45,86,1,4,1,61
1084,1075,577,L,593,31,61,2,4,0,185
1085,577,236,W,391,24,35,2,2,1,81
1085,236,577,L,391,24,42,2,4,0,168
1086,577,1076,W,85,12,16,0,0,1,3
1086,1076,577,L,85,4,10,0,0,0,0
1087,577,1077,W,505,10,27,1,1,0,142
1087,1077,577,L,505,22,46,1,2,0,175
1088,577,1078,W,797,80,133,0,1,0,72
1088,1078,577,L,797,50,131,0,1,0,153
1089,577,805,L,900,46,82,0,3,0,171
1089,805,577,W,900,44,70,0,2,0,297
1090,577,1071,W,900,105,162,2,2,0,315
1090,1071,577,L,900,83,168,1,2,0,194
1091,577,1079,W,830,88,164,0,0,1,1
1091,1079,577,L,830,94,155,3,9,0,265
1092,577,575,W,1500,159,283,0,0,3,125
1092,575,577,L,1500,271,516,1,2,0,18
1093,577,1080,W,1037,61,156,0,0,3,10
1093,1080,577,L,1037,92,249,2,7,0,65
1094,577,567,L,1500,58,158,0,1,0,9
1094,567,577,W,1500,128,280,3,12,0,428
1095,577,643,W,900,141,251,0,1,0,0
1095,643,577,L,900,113,246,0,1,0,0
1096,577,470,L,900,56,152,0,0,1,3
1096,470,577,W,900,81,152,0,0,0,0
,,,,,,,,,,
,,,,,,,,,,
1098,499,1081,W,145,12,18,0,0,1,2
1098,1081,499,L,145,10,27,0,0,0,0
1099,499,1082,W,900,51,126,0,2,0,0
1099,1082,499,L,900,50,158,0,1,0,36
1100,499,1083,W,900,58,97,4,6,0,393
1100,1083,499,L,900,51,104,0,3,0,56
1101,574,1084,W,143,8,11,1,1,0,97
1101,1084,575,L,143,7,13,1,1,0,18
1102,574,22,W,900,54,143,5,13,0,291
1102,22,574,L,900,23,93,0,1,1,16
1103,574,1085,W,546,24,73,0,0,1,102
1103,1085,574,L,546,16,60,4,10,0,287
1104,574,378,L,1500,45,161,4,8,0,467
1104,378,574,W,1500,76,235,0,1,0,12
1105,574,487,L,900,45,133,2,7,0,16
1105,487,574,W,900,79,168,0,0,0,72
1106,574,1086,D,900,34,82,1,1,1,385
1106,1086,574,D,900,30,63,4,11,0,239
1107,574,32,W,900,91,276,0,0,0,0
1107,32,574,L,900,82,231,0,0,0,0
1108,574,485,W,900,33,82,0,2,0,226
1108,485,574,L,900,15,32,1,9,0,252
1109,574,1087,W,299,16,34,2,2,0,181
1109,1087,574,L,299,17,52,0,0,0,0
1110,574,32,W,874,58,151,0,3,1,45
1110,32,574,L,874,53,110,1,2,0,24
1111,574,487,L,1500,147,245,2,4,0,241
1111,487,574,W,1500,129,274,6,11,1,506
1112,574,1087,L,1500,112,211,3,5,0,174
1112,1087,574,W,1500,145,510,1,2,0,35
1113,574,961,W,1500,89,176,1,5,0,85
1113,961,574,L,1500,116,279,0,0,0,0
1114,574,489,L,444,9,17,0,0,0,5
1114,489,574,W,444,28,48,1,4,0,267
,,,,,,,,,,
,,,,,,,,,,
1116,241,519,L,506,18,42,1,3,1,136
1116,519,241,W,506,42,84,0,0,1,123
1117,241,242,W,586,81,116,0,1,0,270
1117,242,241,L,586,48,82,0,5,0,2
1118,241,95,W,557,80,131,1,4,0,169
1118,95,241,L,557,73,127,0,0,1,101
1119,241,516,D,900,89,241,1,2,0,29
1119,516,241,D,900,106,209,0,3,1,232
1120,241,67,NC,299,10,20,1,1,0,55
1120,67,241,NC,299,17,27,0,6,0,34
1121,241,1097,L,900,43,89,2,6,0,143
1121,1097,241,W,900,81,158,1,4,0,233
1122,1094,1095,W,15,8,8,0,0,1,3
1122,1095,1094,L,15,0,1,0,0,0,0
,,,,,,,,,,
,,,,,,,,,,
1124,281,282,W,900,63,127,0,0,0,96
1124,282,281,L,900,17,39,3,5,0,361
1125,281,1098,L,509,28,81,0,0,0,4
1125,1098,281,W,509,65,123,1,3,1,107
1126,281,283,W,900,53,75,2,2,0,269
1126,283,281,L,900,17,45,4,6,0,313
1127,281,1025,L,414,5,20,0,0,0,0
1127,1025,281,W,414,10,14,4,7,0,346
1128,734,243,W,36,9,12,0,0,0,0
1128,243,734,L,36,2,4,1,2,0,20
1129,734,1162,W,42,5,13,0,0,1,2
1129,1162,734,L,42,4,6,0,0,0,0
1130,734,1163,W,900,49,82,2,3,0,389
1130,1163,734,L,900,19,54,0,3,0,438
1131,734,106,L,65,4,10,0,0,0,4
1131,106,734,W,65,42,63,0,0,0,0
1132,734,1101,L,900,68,150,0,0,0,0
1132,1101,734,W,900,90,184,6,18,0,366
,,,,,,,,,,
,,,,,,,,,,
1134,1150,1151,W,468,38,57,0,0,0,93
1134,1151,1150,L,468,37,88,2,6,0,159
,,,,,,,,,,
,,,,,,,,,,
1136,10,11,W,716,24,52,3,8,0,334
1136,11,10,L,716,14,42,1,1,0,185
1137,10,489,L,260,2,2,0,0,0,23
1137,489,10,W,260,1,1,1,1,0,229
1138,10,12,W,17,2,3,0,0,1,1
1138,12,10,L,17,2,3,0,0,0,0
1139,10,13,W,900,19,36,1,4,0,291
1139,13,10,L,900,18,40,4,8,0,524
1140,10,1102,W,159,3,5,0,0,0,16
1140,1102,10,L,159,8,17,1,1,0,124
1141,10,494,L,900,35,87,2,5,0,74
1141,494,10,W,900,11,30,11,19,0,552
1142,497,1094,L,427,18,30,0,0,0,26
1142,1094,497,W,427,32,62,2,5,0,359
1143,497,638,W,900,93,157,1,1,0,216
1143,638,497,L,900,23,72,0,3,0,87
1144,497,29,W,44,9,18,0,0,1,2
1144,29,497,L,44,0,6,0,0,0,0
1145,497,957,W,900,50,127,0,0,0,0
1145,957,497,L,900,28,123,0,1,0,2
1146,497,1103,L,564,58,83,0,0,1,133
1146,1103,497,W,564,47,81,2,3,0,160
1147,497,573,L,242,10,25,0,0,0,0
1147,573,497,W,242,10,21,1,3,0,125
1148,497,1104,W,900,45,114,0,0,0,0
1148,1104,497,L,900,9,26,6,19,0,258
,,,,,,,,,,
,,,,,,,,,,
1150,1105,1106,W,900,47,119,4,12,1,190
1150,1106,1105,L,900,51,94,6,7,0,359
1151,1105,715,W,62,24,39,1,1,0,12
1151,715,1105,L,62,7,12,0,0,0,0
1152,1105,212,L,900,26,93,0,3,1,15
1152,212,1105,W,900,44,105,4,14,0,285
1153,1105,1107,W,173,11,23,2,2,0,42
1153,1107,1105,L,173,11,27,0,1,0,24
1154,493,653,D,900,36,85,2,13,0,369
1154,653,493,D,900,66,109,1,1,0,64
1155,493,491,L,198,21,32,2,2,0,81
1155,491,493,W,198,6,14,0,1,0,0
1156,493,143,W,900,60,133,5,10,0,339
1156,143,493,L,900,65,142,1,3,0,77
1157,493,488,L,58,1,5,1,1,0,0
1157,488,493,W,58,2,5,0,0,1,11
1158,493,1108,W,68,23,30,0,0,1,26
1158,1108,493,L,68,7,11,0,2,0,0
1159,493,1109,W,900,17,39,4,8,0,772
1159,1109,493,L,900,12,29,0,0,0,11
1160,493,465,W,900,38,85,4,6,0,445
1160,465,493,L,900,26,83,0,3,0,124
1161,493,905,L,565,32,43,0,0,0,36
1161,905,493,W,565,24,41,2,2,1,363
1162,493,1110,L,478,28,63,1,1,0,175
1162,1110,493,W,478,42,73,0,2,1,23
1163,493,1103,W,329,34,78,0,0,0,10
1163,1103,493,L,329,40,83,0,1,0,0
1164,493,496,L,900,70,217,2,8,0,194
1164,496,493,W,900,165,304,0,0,0,20
1165,493,1082,L,311,9,41,2,4,0,102
1165,1082,493,W,311,30,79,0,0,1,13
1166,493,1111,L,493,57,128,1,3,0,5
1166,1111,493,W,493,52,115,0,1,0,21
,,,,,,,,,,
,,,,,,,,,,
1168,2,1,W,64,15,21,0,0,1,2
1168,1,2,L,64,9,18,0,0,0,0
1169,2,3,W,385,10,18,3,3,0,184
1169,3,2,L,385,5,16,1,5,0,123
,,,,,,,,,,
,,,,,,,,,,
1171,1046,1115,W,900,44,94,2,2,0,387
1171,1115,1046,L,900,24,63,4,17,0,90
1172,1046,1116,W,900,109,181,0,0,0,180
1172,1116,1046,L,900,57,103,3,19,0,278
1173,1046,1117,L,900,68,103,2,5,0,379
1173,1117,1046,W,900,84,119,2,9,0,108
1174,1046,1025,W,688,87,192,0,3,1,26
1174,1025,1046,L,688,64,155,1,2,0,7
1175,1046,1118,L,900,68,214,0,0,0,20
1175,1118,1046,W,900,58,110,0,6,0,7
1176,576,1119,W,850,49,134,1,3,2,29
1176,1119,576,L,850,43,132,0,0,0,17
1177,576,1041,W,900,64,158,3,6,1,54
1177,1041,576,L,900,35,106,0,0,0,0
1178,576,1120,W,258,11,41,0,0,1,5
1178,1120,576,L,258,11,38,0,0,0,0
1179,576,640,W,173,21,48,0,0,1,2
1179,640,576,L,173,10,25,0,0,0,0
1180,576,1121,W,48,12,27,0,0,1,7
1180,1121,576,L,48,4,9,0,0,0,0
1181,576,1080,W,1500,68,195,1,4,2,40
1181,1080,576,L,1500,88,291,0,7,0,1
1182,576,1122,L,461,18,53,0,0,1,4
1182,1122,576,W,461,20,81,0,1,2,7
1183,576,1122,L,250,17,43,0,2,0,0
1183,1122,576,W,250,45,72,0,0,2,30
1184,576,643,L,292,21,60,0,0,0,4
1184,643,576,W,292,25,47,0,1,1,21
1185,576,1123,W,599,19,43,0,0,1,3
1185,1123,576,L,599,17,52,0,0,0,0
1186,576,575,L,1500,63,142,3,10,0,182
1186,575,576,W,1500,176,365,2,3,0,72
1187,576,32,L,201,9,17,0,1,0,6
1187,32,576,W,201,23,41,0,0,2,6
1188,576,210,W,900,26,33,2,3,0,172
1188,210,576,L,900,20,69,1,2,0,99
1189,576,234,W,222,20,41,0,0,1,21
1189,234,576,L,222,17,25,0,1,0,36
1190,576,205,L,900,28,94,0,7,0,46
1190,205,576,W,900,37,85,1,11,0,146
,,,,,,,,,,
,,,,,,,,,,
1192,1124,1125,W,95,16,26,0,0,1,8
1192,1125,1124,L,95,10,20,0,1,0,0
1193,1124,963,W,253,22,45,0,2,1,1
1193,963,1124,L,253,21,41,0,0,0,10
1194,1124,1126,L,77,3,5,0,0,0,0
1194,1126,1124,W,77,6,9,1,1,0,1
1195,1124,57,W,295,19,43,1,4,1,97
1195,57,1124,L,295,13,27,0,1,0,0
1196,1124,859,W,291,24,36,0,0,1,10
1196,859,1124,L,291,18,40,1,2,0,91
1197,1124,969,L,794,29,71,0,0,0,13
1197,969,1124,W,794,26,59,4,8,0,216
1198,1124,296,W,567,27,56,2,7,0,72
1198,296,1124,L,567,46,83,0,0,0,0
1199,1124,972,W,215,7,9,1,1,0,67
1199,972,1124,L,215,4,15,0,1,0,8
1200,1124,1127,W,900,77,149,1,7,0,5
1200,1127,1124,L,900,88,186,1,4,0,68
1201,963,1166,L,139,14,25,0,1,0,0
1201,1166,963,W,139,18,38,0,0,1,0
1202,963,856,W,493,68,90,2,4,0,200
1202,856,963,L,493,56,109,0,0,0,29
1203,963,938,W,900,71,150,3,5,0,85
1203,938,963,L,900,37,120,0,4,0,86
1204,963,296,L,900,61,133,2,3,0,94
1204,296,963,W,900,127,231,0,0,0,0
1205,963,219,W,198,49,72,0,0,3,52
1205,219,963,L,198,13,42,0,0,0,0
1206,963,1128,W,103,5,6,1,2,0,47
1206,1128,963,L,103,2,7,0,0,0,0
1207,963,1129,W,655,71,123,2,6,0,198
1207,1129,963,L,655,37,84,0,0,0,0
1208,963,562,W,900,45,79,4,12,0,500
1208,562,963,L,900,29,48,0,0,0,105
1209,963,409,L,921,93,221,0,3,2,13
1209,409,963,W,921,98,201,1,3,2,129
1210,963,1016,W,261,18,63,0,0,1,3
1210,1016,963,L,261,30,55,0,1,0,0
1211,963,939,W,900,90,173,0,4,0,24
1211,939,963,L,900,52,105,2,2,0,35
,,,,,,,,,,
,,,,,,,,,,
1213,546,1152,L,900,61,226,0,11,0,184
1213,1152,546,W,900,105,270,0,1,0,52
1214,546,1153,L,900,49,127,0,4,0,179
1214,1153,546,W,900,50,105,2,6,0,257
1215,546,192,W,112,5,12,0,0,0,40
1215,192,546,L,112,4,10,0,2,0,0
1216,546,1154,NC,465,22,72,0,0,0,70
1216,1154,546,NC,465,25,48,2,4,0,95
1217,546,1136,L,54,0,3,0,0,0,0
1217,1136,546,W,54,1,1,0,0,0,22
1218,546,1155,W,900,36,88,5,14,0,313
1218,1155,546,L,900,38,69,2,5,0,239
1219,546,1156,W,105,20,41,0,1,1,10
1219,1156,546,L,105,10,30,0,0,0,0
1220,546,361,L,477,24,71,0,0,1,73
1220,361,546,W,477,27,53,0,0,0,93
1221,546,866,W,184,15,29,0,1,1,67
1221,866,546,L,184,11,18,0,1,0,0
1222,546,974,W,900,145,322,0,6,0,26
1222,974,546,L,900,106,223,3,3,0,184
1223,546,1157,W,900,60,136,2,2,0,468
1223,1157,546,L,900,33,75,0,1,0,0
1224,546,531,L,581,31,58,0,0,0,63
1224,531,546,W,581,37,65,2,5,0,318
1225,546,1158,W,67,16,27,0,0,1,5
1225,1158,546,L,67,5,14,0,1,0,0
1226,546,765,W,70,13,26,0,0,1,6
1226,765,546,L,70,7,11,0,0,0,0
1227,546,793,L,697,10,20,0,0,0,12
1227,793,546,W,697,15,25,3,4,0,566
1228,546,760,L,900,73,168,1,5,0,65
1228,760,546,W,900,89,137,5,11,0,170
1229,546,1159,W,197,17,37,0,1,1,24
1229,1159,546,L,197,36,61,2,3,1,93
1230,546,53,W,690,62,151,0,0,1,7
1230,53,546,L,690,37,68,1,3,0,141
1231,546,786,L,248,20,59,0,0,0,0
1231,786,546,W,248,35,75,0,1,1,8
1232,546,1160,W,156,30,53,0,0,1,31
1232,1160,546,L,156,5,22,0,1,0,0
1233,546,549,L,900,23,59,1,2,0,62
1233,549,546,W,900,23,42,3,4,0,633
1234,546,1161,L,105,3,9,0,0,0,0
1234,1161,546,W,105,23,25,0,0,1,10
1235,546,787,W,676,83,161,0,1,0,4
1235,787,546,L,676,51,164,0,3,0,2
,,,,,,,,,,
,,,,,,,,,,
1237,471,1130,W,900,20,40,3,5,0,715
1237,1130,471,L,900,12,16,1,1,0,199
1238,471,146,W,164,3,7,2,3,0,132
1238,146,471,L,164,4,8,0,0,0,0
1239,471,992,L,900,2,19,3,16,0,290
1239,992,471,W,900,29,52,1,1,0,450
1240,471,1131,W,54,18,30,0,0,1,17
1240,1131,471,L,54,6,19,0,0,0,0
1241,471,143,W,900,41,94,3,7,0,452
1241,143,471,L,900,22,54,0,0,0,0
1242,471,648,W,900,20,39,4,8,0,578
1242,648,471,L,900,17,31,1,1,0,134
1243,575,1132,W,139,12,23,0,0,1,3
1243,1132,575,L,139,10,37,0,0,0,17
1244,575,1133,W,553,52,110,1,5,1,66
1244,1133,575,L,553,15,71,1,1,0,24
1245,575,1074,L,900,40,114,0,3,0,1
1245,1074,575,W,900,80,183,1,2,0,153
1246,575,1103,W,227,26,33,1,1,1,128
1246,1103,575,L,227,14,33,0,0,0,0
1247,575,643,L,243,30,68,0,1,0,5
1247,643,575,W,243,20,48,0,1,0,2
1248,575,640,W,444,41,132,1,3,2,63
1248,640,575,L,444,24,90,0,0,0,0
1249,575,1123,L,900,20,122,0,0,0,0
1249,1123,575,W,900,54,120,2,2,0,271
1250,575,378,W,900,111,247,2,4,0,289
1250,378,575,L,900,71,185,1,2,0,16
1251,575,474,W,900,90,202,1,1,0,11
1251,474,575,L,900,59,154,6,16,0,197
1252,575,652,W,227,30,37,0,0,1,38
1252,652,575,L,227,9,12,2,3,0,151
1253,575,805,L,1500,149,305,1,5,0,128
1253,805,575,W,1500,86,161,0,1,2,546
1254,575,1134,W,177,33,75,0,1,1,4
1254,1134,575,L,177,25,54,0,0,0,0
1255,575,567,L,1500,9,49,1,2,0,68
1255,567,575,W,1500,34,84,7,7,0,1178
1256,575,650,W,900,61,137,0,1,0,79
1256,650,575,L,900,38,125,4,5,0,282
,,,,,,,,,,
,,,,,,,,,,
1258,1135,460,W,704,38,66,5,13,1,209
1258,460,1135,L,704,30,54,0,2,0,173
1259,1135,854,W,211,12,21,2,2,0,205
1259,854,1135,L,211,11,13,0,0,0,0
1260,1135,752,W,413,22,32,0,3,1,129
1260,752,1135,L,413,8,21,1,1,0,142
1261,1135,1168,W,1500,67,145,2,15,0,546
1261,1168,1135,L,1500,66,142,0,0,1,36
1262,1135,59,L,1200,9,13,3,7,0,425
1262,59,1135,W,1200,22,37,1,1,0,699
1263,293,60,W,900,68,102,3,3,0,138
1263,60,293,L,900,36,100,0,2,0,373
1264,293,294,W,101,13,23,0,0,1,5
1264,294,293,L,101,4,14,0,0,0,0
1265,293,295,W,900,31,49,1,1,0,611
1265,295,293,L,900,12,38,1,2,0,22
1266,293,296,W,900,12,25,4,5,0,609
1266,296,293,L,900,31,61,0,0,0,79
1267,293,297,W,900,19,32,1,2,0,332
1267,297,293,L,900,14,35,2,2,0,284
1268,293,969,W,900,51,103,0,1,1,137
1268,969,293,L,900,38,107,0,0,0,0
1269,293,67,W,430,36,50,0,0,1,19
1269,67,293,L,430,22,48,0,6,0,30
1270,293,409,W,1500,153,255,0,1,1,119
1270,409,293,L,1500,83,254,0,0,0,0
1271,293,1018,L,1500,66,166,0,5,0,80
1271,1018,293,W,1500,81,162,0,0,0,29
,,,,,,,,,,
,,,,,,,,,,
1273,674,534,W,41,3,4,0,0,0,0
1273,534,674,L,41,0,4,1,1,0,27
1274,674,1136,W,745,35,91,2,9,0,63
1274,1136,674,L,745,13,76,0,1,0,168
1275,674,551,L,119,5,8,0,1,0,0
1275,551,674,W,119,1,6,1,1,0,92
1276,674,75,NC,408,31,59,1,2,1,135
1276,75,674,NC,408,14,33,2,7,0,141
1277,674,197,L,181,10,29,0,0,0,0
1277,197,674,W,181,30,60,0,0,0,12
1278,674,1137,W,103,6,12,1,1,0,35
1278,1137,674,L,103,2,4,0,0,0,6
1279,674,523,W,462,42,76,1,2,0,59
1279,523,674,L,462,27,74,1,2,0,67
1280,674,1091,L,160,6,18,1,2,0,46
1280,1091,674,W,160,9,21,0,0,1,2
1281,674,1079,L,900,38,125,0,4,0,1
1281,1079,674,W,900,81,146,2,5,0,301
1282,674,1138,W,760,23,43,3,8,0,368
1282,1138,674,L,760,21,49,1,2,0,268
1283,674,790,W,572,24,38,3,5,0,143
1283,790,674,L,572,11,27,3,4,0,358
1284,674,1090,W,900,43,67,2,7,0,323
1284,1090,674,L,900,48,79,0,0,0,379
1285,674,75,W,670,64,84,1,2,1,118
1285,75,674,L,670,37,69,2,10,0,381
1286,674,600,L,99,5,17,0,1,0,0
1286,600,674,W,99,14,29,0,0,0,6
1287,674,527,W,185,5,10,1,1,0,12
1287,527,674,L,185,5,16,0,0,0,97
1288,674,201,L,709,41,86,4,11,0,296
1288,201,674,W,709,53,87,0,0,0,191
1289,674,1139,L,433,13,18,2,2,0,217
1289,1139,674,W,433,11,20,1,1,0,147
1290,674,1140,W,150,3,7,2,2,0,101
1290,1140,674,L,150,4,5,0,0,0,0
1291,674,199,L,546,6,13,2,3,0,171
1291,199,674,W,546,31,46,0,0,0,292
1292,674,690,W,138,14,29,0,0,0,2
1292,690,674,L,138,9,25,0,1,0,0
1293,674,173,W,502,28,60,2,4,0,80
1293,173,674,L,502,18,80,0,0,0,8
1294,674,551,W,75,0,1,1,1,0,47
1294,551,674,L,75,1,2,0,0,0,0
1295,674,1141,W,355,28,58,1,1,0,12
1295,1142,674,L,355,26,53,0,0,1,35
1296,674,75,W,431,38,59,0,0,1,98
1296,75,674,L,431,18,49,2,4,0,100
1297,674,680,W,86,10,16,0,1,1,2
1297,680,674,L,86,7,18,0,0,0,5
1298,674,203,W,628,43,65,0,1,0,11
1298,203,674,L,628,41,80,2,3,0,390
1299,674,200,W,900,41,63,3,3,0,699
1299,200,674,L,900,19,42,0,0,0,5
1300,674,435,W,319,24,32,1,2,2,102
1300,435,674,L,319,30,55,0,0,0,147
1301,674,436,W,662,73,131,0,6,0,341
1301,436,674,L,662,58,94,0,0,1,35
1302,674,793,L,496,19,39,0,1,0,42
1302,793,674,W,496,30,41,2,3,1,305
1303,674,531,W,250,26,36,0,1,1,31
1303,531,674,L,250,12,28,0,0,0,144
1304,674,795,L,900,19,37,0,0,0,152
1304,795,674,W,900,49,83,2,4,0,521
1305,674,435,W,1500,88,122,5,12,0,892
1305,435,674,L,1500,84,113,0,1,0,119
1306,674,807,L,147,9,16,0,2,0,21
1306,807,674,W,147,21,29,0,0,1,61
1307,674,777,W,468,11,33,1,1,0,215
1307,777,674,L,468,18,42,1,1,0,60
1308,600,436,L,203,11,32,0,0,0,7
1308,436,600,W,203,11,25,1,3,0,88
1309,600,1142,W,900,118,267,0,0,1,57
1309,1142,600,L,900,27,108,0,17,0,61
1310,600,1143,W,589,29,124,0,0,1,5
1310,1143,600,L,589,32,90,1,4,0,9
1311,600,1144,W,900,120,269,0,0,1,8
1311,1144,600,L,900,89,359,2,4,0,97
1312,600,1145,L,900,75,193,0,0,0,9
1312,1145,600,W,900,73,225,4,9,0,209
1313,600,1147,L,900,23,93,0,0,0,0
1313,1147,600,W,900,53,153,4,5,0,386
1314,600,1146,W,447,74,139,0,0,2,16
1314,1146,600,L,447,33,121,0,5,0,61
1315,600,535,W,809,47,149,0,0,0,0
1315,535,600,L,809,44,139,3,12,0,193
1316,600,1148,W,827,124,204,0,0,0,155
1316,1148,600,L,827,70,209,1,10,0,108
1317,600,1149,W,191,31,51,0,0,1,10
1317,1149,600,L,191,11,29,0,0,0,10
1318,600,393,W,900,57,176,1,1,0,153
1318,393,600,L,900,31,132,0,2,0,31
1319,600,1091,W,838,82,198,0,0,0,88
1319,1091,600,L,838,56,136,0,3,0,7
1320,600,1090,W,900,57,99,1,1,0,206
1320,1090,600,L,900,47,95,0,12,0,129
1321,600,1139,W,900,103,205,0,0,0,97
1321,1139,600,L,900,64,135,0,6,0,44
1322,600,201,W,890,94,208,2,2,1,37
1322,201,600,L,890,53,148,0,2,0,84
1323,600,805,W,853,104,207,0,0,1,124
1323,805,600,L,853,55,113,0,0,0,0
1324,600,805,W,891,174,397,0,0,0,46
1324,805,600,L,891,87,163,0,1,0,2
1325,600,799,W,1200,290,490,1,1,0,16
1325,799,600,L,1200,110,292,2,11,0,145
1326,600,436,L,1500,181,446,0,0,0,6
1326,436,600,W,1500,178,381,1,8,0,215
1327,600,1079,W,1500,129,328,0,0,0,0
1327,1079,600,L,1500,962,264,1,15,0,106
1328,600,599,W,1500,445,744,0,1,0,27
1328,599,600,L,1500,133,283,0,2,0,5
1329,600,791,W,1500,230,404,3,5,0,409
1329,791,600,L,1500,159,352,1,5,0,80
1330,600,806,W,623,75,128,0,0,2,57
1330,806,600,L,623,34,124,0,1,0,15
1331,600,807,L,694,79,204,0,0,0,0
1331,807,600,W,694,75,144,1,2,2,45
1332,600,436,W,1500,198,375,0,0,1,92
1332,436,600,L,1500,109,255,0,1,1,12